-- INSERT BANG THEGIOI
INSERT INTO THEGIOI
	(THEGIOI_ID, THEGIOI_NAME) VALUES
		(1,N'Kim'),
		(2,N'Mộc'),
		(3,N'Thủy'),
		(4,N'Hỏa'),
		(5,N'Thổ'),
		(6,N'Đông'),
		(7,N'Tây'),
		(8,N'Nam'),
		(9,N'Bắc'),
		(10,N'Thiên'),
		(11,N'Địa'),
		(12,N'Hải'),
		(13,N'Sơn'),
		(14,N'Nhân'),
		(15,N'Ma');
-- INSERT BANG VANMINH
INSERT INTO VANMINH
	(VANMINH_ID, VANMINH_NAME, CHIHUY, PHONGTHU, TANCONG, XAYDUNG, HUANLUYEN, RGB) VALUES
		('AC01', N'Ai Cập', N'Tutankhamun', 5, 0, 10, 0, '179_179_179'),
		('LM02', N'La Mã', N'Julius Caesar', 5, 5, 0, 5, '210_003_003'),
		('CT03', N'Carthage', N'Hannibal', 7, 3, 0, 5, '155_040_175'),
		('TH04', N'Trung Hoa', N'Tần Thủy Hoàng', 2, 5, 1, 8, '150_132_044'),
		('AR05', N'Ả Rập', N'Mohamed Sara', 10, 2, 1, 0, '059_089_152'),
		('LH06', N'Lưỡng Hà', N'Gilgamesh', 4, 7, 2, 5, '085_172_238'),
		('HL07', N'Hy Lạp', N'Hercules', 0, 10, 0, 5, '220_078_065'),
		('MA08', N'Maya', N'Hun Hunapu', 3, 5, 0, 7, '155_069_000'),
		('AL09', N'Âu Lạc', N'Lạc Long Quân', 5, 5, 0, 5, '206_017_038'),
		('BA10', N'Babylon', N'Hammurabi', 5, 2, 7, 1, '245_125_000'),
		('SU11', N'Sumer', N'Leslie Nguyen', 9, 2, 1, 1, '250_250_250'),
		('HH12', N'Hoàng Hà', N'Phục Hy', 0, 0, 10, 5, '222_184_135'),
		('MC13', N'Mông Cổ', N'Thành Cát Tư Hãn', 0, 0, 0, 10, '184_134_011'),
		('MC14', N'Macedonia', N'Alexander', 6, 4, 2, 3, '000_119_181'),
		('TT15', N'Triều Tiên', N'Kim Jong Un', 8, 1, 1, 5, '053_070_092'),
		('PH16', N'Phoenicia', N'Ahiram', 4, 8, 0, 5, '069_102_142'),
		('BT17', N'Ba Tư', N'Cyrus', 3, 5, 1, 5, '067_216_084'),
		('QX18', N'Đức Quốc Xã', N'Adolf Hitler', 2, 8, 1, 4, '000_000_000'),
		('NB19', N'Nhật Bản', N'Date Masamune', 0, 8, 0, 6, '220_020_060'),
		('CL20', N'Cao Ly', N'Lee Min Ho', 5, 3, 7, 0, '000_000_139');
-- INSERT BANG THANHPHO
INSERT INTO THANHPHO
	(CITY_ID, CITY_NAME, THEGIOI_ID, VANMINH_ID) VALUES
		('BA14453', 'Bakemono', 1, 'TH04'), 
		('HA70049', 'Hariti', 1, 'HL07'), 
		('NO83153', 'Nomino', 1, 'BT17'), 
		('ZO96117', 'Zocho11', 1, 'PH16'), 
		('KO83614', 'KokiTeno', 1, 'AL09'), 
		('TR65209', 'TravisScott', 1, 'MA08'), 
		('TH54191', 'ThuongHai', 1, 'AR05'), 
		('HP55322', 'HaiPhong', 1, 'MC14'), 
		('CH84407', 'Chelsea', 1, 'AC01'), 
		('AR24325', 'Arsenal', 1, 'QX18'), 
		('SC57157', 'Scarlett', 1, 'CL20'), 
		('PA86735', 'Pandora', 1, 'LH06'), 
		('BA37322', 'Barcelona', 1, 'MC13'), 
		('TH34134', 'ThanhHoa', 1, 'SU11'), 
		('CH18509', 'Champion', 1, 'HH12'), 
		('KY82858', 'KingYuri', 1, 'CT03'), 
		('OY12127', 'OhoYama', 1, 'TT15'), 
		('RM84619', 'RealMadrid', 1, 'NB19'), 
		('HG62636', 'HaGiang', 1, 'BA10'), 
		('BI54017', 'Bilbao', 1, 'LM02'), 
		('CH77595', 'Chimatano', 1, 'SU11'), 
		('ME42282', 'Mekhit', 1, 'BA10'), 
		('ZH38920', 'Zhuyingtai', 1, 'LH06'), 
		('NA55863', 'Namdepzai', 1, 'MA08'), 
		('IK62590', 'Ikiryo01', 1, 'QX18'), 
		('GA41904', 'Gaylord', 1, 'AC01'), 
		('IZ71935', 'Izanagi', 1, 'AL09'), 
		('BL15831', 'Blanton', 1, 'HL07'), 
		('LI70508', 'Liangshanbo', 1, 'CT03'), 
		('HO78554', 'Hoanghihi', 1, 'CL20'), 
		('NI53884', 'Nitta29', 1, 'LM02'), 
		('HE63241', 'Hekahaha', 1, 'NB19'), 
		('HN10816', 'HaNoi', 1, 'MC14'), 
		('RE49818', 'Renenet', 1, 'AR05'), 
		('ZK26805', 'ZeraKim', 1, 'TH04'), 
		('GL88882', 'GuoLifen', 1, 'BT17'), 
		('FU68319', 'Fuqiu', 1, 'HH12'), 
		('MI12851', 'Minhhehe', 1, 'MC13'), 
		('OS95760', 'Osiris', 1, 'TT15'), 
		('HA67471', 'Harmony', 1, 'PH16'), 
		('LO47133', 'London', 1, 'TT15'), 
		('RE28756', 'Regina', 1, 'AR05'), 
		('HA55192', 'Hampton', 1, 'MA08'), 
		('VT64954', 'VungTau', 1, 'TH04'), 
		('LL43115', 'LeLoi', 1, 'SU11'), 
		('HB41875', 'HoaBinh', 1, 'LH06'), 
		('KH64928', 'KhanhHoa', 1, 'NB19'), 
		('BE98597', 'BeiJing', 1, 'CT03'), 
		('HT11710', 'hhuyenThoai', 1, 'PH16'), 
		('ND33072', 'NamDinh', 1, 'HL07'), 
		('GR72172', 'GreatRome', 1, 'AC01'), 
		('BK64099', 'BacKinh', 1, 'QX18'), 
		('SH78212', 'ShangHai', 1, 'LM02'), 
		('TO50044', 'Tokyohoho', 1, 'MC14'), 
		('SG65451', 'SaiGon', 1, 'BA10'), 
		('PA27888', 'Parishihi', 1, 'HH12'), 
		('HT40526', 'HuyenThoai', 1, 'CT03'), 
		('GN72211', 'GiangNam', 1, 'HL07'), 
		('DE77594', 'DepTraiQua', 1, 'AR05'), 
		('TU39156', 'TuCamThanh', 1, 'SU11'), 
		('QU86536', 'QuaDepTrai', 1, 'TH04'), 
		('PL78628', 'PhucLong', 1, 'MA08'), 
		('HA92621', 'Hachimoto', 1, 'PH16'), 
		('AM68257', 'Amsterdam', 1, 'LH06'), 
		('BU37982', 'BuenosAres', 1, 'MC14'), 
		('TO80652', 'Tocotoco', 1, 'HH12'), 
		('RC26745', 'RioCardo', 1, 'NB19'), 
		('DT63066', 'DingTea', 1, 'AR05'), 
		('NH73149', 'NhuHoa', 1, 'HL07'), 
		('BG44722', 'BacGiang', 1, 'TT15'), 
		('NQ12074', 'NhuQuynh', 1, 'TH04'), 
		('NB44613', 'NinhBinh', 1, 'LH06'), 
		('LL72762', 'Leslie', 1, 'PH16'), 
		('HD41845', 'HamDuong', 1, 'CT03'), 
		('TM51801', 'TienMinh', 1, 'AR05'), 
		('LC64914', 'LaoCao', 1, 'MA08'), 
		('NI57190', 'Nikitina', 1, 'LM02'), 
		('YB92350', 'Yenbai', 1, 'HH12'), 
		('MO37904', 'Monaco', 1, 'LH06'), 
		('SY27921', 'Sydney', 1, 'TT15'), 
		('SE37962', 'Seoul', 1, 'BA10'), 
		('BN97758', 'BacNinh', 1, 'TH04'), 
		('HO36066', 'HoChiMinh', 1, 'HL07'), 
		('ST95090', 'Stevia', 1, 'SU11'), 
		('MO95606', 'Moscow', 1, 'AC01'), 
		('SO95096', 'Soloveva', 1, 'QX18'), 
		('TT24862', 'ThanThoai', 1, 'NB19'), 
		('DB25563', 'DienBien', 1, 'MC14'), 
		('JA93169', 'Jakarta', 1, 'NB19'), 
		('GE35211', 'Getafe', 1, 'MC14'), 
		('CE81467', 'Celtics', 1, 'TT15'), 
		('SO87133', 'SonLa', 1, 'QX18'), 
		('AS57377', 'AlinaSiegel', 1, 'AC01'), 
		('DR72024', 'Dreyer', 1, 'AC01'), 
		('TO42112', 'Toronto', 1, 'HH12'), 
		('TO32961', 'Tottenham', 1, 'MC14'), 
		('TJ13418', 'TurinJuve', 1, 'MC14'), 
		('HG21932', 'HuongGiang', 1, 'PH16'), 
		('AC47276', 'ACMilan', 1, 'QX18'), 
		('TN64946', 'ThuNgan', 1, 'PH16'), 
		('HK41295', 'HongKong', 1, 'TT15'), 
		('BD25982', 'BinhDinh', 1, 'MC14'), 
		('GH72139', 'GiaHan', 1, 'HH12'), 
		('DN19943', 'DaNang', 1, 'BA10'), 
		('TT20532', 'thanhtrung', 1, 'TT15'), 
		('MH79307', 'MinhHue', 1, 'NB19'), 
		('LD37739', 'LamDong', 1, 'TT15'), 
		('AV12957', 'AnhVu', 1, 'AC01'), 
		('VK12518', 'ViKhanh', 1, 'MA08'), 
		('MM82128', 'mimi2003', 1, 'SU11'), 
		('VE30577', 'Venice', 1, 'TT15'), 
		('LD18936', 'LacDuong', 1, 'MC14'), 
		('BK73627', 'Bangkok', 1, 'PH16'), 
		('MI44225', 'Miami', 1, 'TT15'), 
		('HA75350', 'Hanabihi', 1, 'QX18'), 
		('IS82920', 'Istanbul', 1, 'MC14'), 
		('BE35280', 'Berlin', 1, 'AC01'), 
		('QQ91638', 'quanquan', 1, 'MC14'), 
		('AL26028', 'Alexander', 1, 'TT15'), 
		('HU96498', 'huyprovip', 1, 'TT15'), 
		('LM71943', 'LeoMessi', 1, 'TT15'), 
		('XT64699', 'XuanTra', 1, 'SU11'), 
		('PR10346', 'provip123', 1, 'TT15'), 
		('KO28392', 'Kovalan', 1, 'MC14'), 
		('IP83365', 'iphone10', 1, 'HH12'), 
		('SL40546', 'Sloan', 1, 'MA08'), 
		('HE17930', 'Herodes', 1, 'AC01'), 
		('KV48953', 'KhanhVy', 1, 'NB19'), 
		('XA35448', 'Xavi06', 1, 'AC01'), 
		('JO55453', 'jomai', 1, 'NB19'), 
		('DK39370', 'DangKhoi', 1, 'QX18'), 
		('AT19308', 'AnhTuan', 1, 'BA10'), 
		('MK32232', 'minhkhoi21', 1, 'HH12'), 
		('FI11940', 'finian', 1, 'PH16'), 
		('TM10949', 'tienminh06', 1, 'AC01'), 
		('RO55988', 'Ronaldo07', 1, 'SU11'), 
		('MA26015', 'MinhAnh', 1, 'MC14'), 
		('KI49967', 'kienxau', 1, 'NB19'), 
		('LS41815', 'LukeShaw', 1, 'AC01'), 
		('YZ69779', 'YangZi', 1, 'QX18'), 
		('MI96803', 'MixiGame', 1, 'MA08'), 
		('HE73235', 'helena', 1, 'HH12'), 
		('LE82599', 'Lehihi', 1, 'TT15'), 
		('DU81499', 'DungCT', 1, 'MC14'), 
		('JO34775', 'JoinSung', 1, 'TT15'), 
		('DO80861', 'Dortmund', 1, 'TT15'), 
		('TT53295', 'thanhtuan', 1, 'PH16'), 
		('YN19453', 'YenNhi', 1, 'TT15'), 
		('BA47259', 'Bayern', 1, 'NB19'), 
		('XZ43591', 'XiaoZhan', 1, 'MC14'), 
		('IN86378', 'InterMilan', 1, 'MC14'), 
		('LI95082', 'Liverpool', 1, 'HH12'), 
		('HD41846', 'HaiDuong', 1, 'PH16'), 
		('MA42178', 'Mafia', 1, 'TT15'), 
		('SU48724', 'Sunderland', 1, 'BA10'), 
		('MP62818', 'MinhPhuong', 1, 'QX18'), 
		('YI78792', 'Yibo', 1, 'MA08'), 
		('IN79869', 'Iniesta08', 1, 'AC01'), 
		('ST96979', 'sontungmtp', 1, 'SU11'), 
		('DT21874', 'DuyToan', 1, 'BA10'), 
		('TQ80183', 'TuyenQuang', 1, 'NB19'), 
		('SO49644', 'sontung01', 1, 'TT15'), 
		('DO21487', 'Dolores', 1, 'TT15'), 
		('MT18739', 'maitue284', 1, 'TT15'), 
		('TH96515', 'ThuyHang', 1, 'PH16'), 
		('KD76953', 'KolDark', 1, 'TT15'), 
		('XB80047', 'XuanBac', 1, 'NB19'), 
		('GR58968', 'Griffin', 1, 'HH12'), 
		('NK62134', 'NamKhanh', 1, 'QX18'), 
		('YM80657', 'YangMi24', 1, 'MC14'), 
		('BB63592', 'baobaby', 1, 'MC14'), 
		('KH45424', 'khanhtrinh', 1, 'AC01'), 
		('VD94149', 'VanDung', 1, 'MC14'), 
		('NI52418', 'nimue45', 1, 'QX18'), 
		('KM10171', 'khongminh', 1, 'MC14'), 
		('NN46279', 'NguocNang', 1, 'PH16'), 
		('DN76104', 'DucNguyen', 1, 'HH12'), 
		('QT64220', 'QuangThang', 1, 'TT15'), 
		('CB90213', 'chauBui', 1, 'HH12'), 
		('HD42590', 'HuongDuong', 1, 'MC14'), 
		('AC42283', 'aconderon', 1, 'MC14'), 
		('MM26514', 'MinhMinh', 1, 'PH16'), 
		('KE33589', 'Keiran', 1, 'QX18'), 
		('TO58028', 'tonquyen', 1, 'PH16'), 
		('HE34224', 'hehehehe', 1, 'TT15'), 
		('AZ59839', 'Azrail', 1, 'MC14'), 
		('LU41972', 'luubi', 1, 'HH12'), 
		('HO52997', 'hohohoho', 1, 'BA10'), 
		('HD58204', 'HongDiem', 1, 'TT15'), 
		('MC41044', 'MinhChau', 1, 'NB19'), 
		('HD82811', 'HongDang', 1, 'TT15'), 
		('NT75855', 'NgocTrinh', 1, 'AC01'), 
		('QX32118', 'quynhxinh', 1, 'MA08'), 
		('MT90199', 'MinhTom', 1, 'SU11'), 
		('TT45768', 'taothao', 1, 'NB19'), 
		('ME45019', '10messi10', 1, 'MC14'), 
		('KT77326', 'khongtu', 1, 'NB19'), 
		('GX99010', 'gaixinh', 1, 'MC14'), 
		('LA71950', 'lancave', 1, 'TT15'), 
		('NH70621', 'nhanhoi', 1, 'NB19');
-- INSERT BANG BINHCHUNG
INSERT INTO BINHCHUNG
	(BINHCHUNG_ID, BINHCHUNG_NAME, PHONGTHU, TANCONG, XAYDUNG, HUANLUYEN) VALUES
		('BC01', N'Dân thường', 5, 5, 15, 0), 
		('BC02', N'Lính gác thành', 20, 5, 5, 10), 
		('BC03', N'Bộ binh', 10, 10, 10, 10), 
		('BC04', N'Xạ thủ', 15, 20, 15, 15), 
		('BC05', N'Kỵ binh', 20, 30, 15, 20), 
		('BC06', N'Pháo binh', 30, 50, 20, 30); 
-- INSERT BANG TAINGUYEN
INSERT INTO TAINGUYEN
	(TAINGUYEN_ID, TAINGUYEN_NAME) VALUES
		('TN_01', N'Ngô'), 
		('TN_02', N'Gỗ'),
		('TN_03', N'Vàng'),
		('TN_04', N'Gem');
-- INSERT BANG THUOCTINH
INSERT INTO THUOCTINH
	(CITY_ID, BC01, BC02, BC03, BC04, BC05, BC06, TN_01, TN_02, TN_03, TN_04, DIEMKN) VALUES
		('BA37322', 1899, 2000, 152, 900, 375, 283, 6970, 8249700, 850, 2190, 999538), 
		('TU39156', 1968, 1034, 7, 418, 55, 136, 835130, 5430, 4380, 2110, 861034), 
		('SL40546', 483, 996, 620, 239, 62, 137, 209650, 7030, 3800, 2940, 793216), 
		('KD76953', 1188, 1092, 446, 514, 313, 46, 195030, 70, 2500, 1690, 681359), 
		('MI96803', 1210, 1134, 939, 400, 528, 278, 475350, 720, 1870, 1130, 600548), 
		('NI52418', 942, 1097, 282, 401, 442, 91, 94660, 890, 2610, 2860, 549316), 
		('QU86536', 1817, 42, 810, 493, 520, 268, 7810, 4073000, 370, 1240, 500000), 
		('XA35448', 648, 348, 528, 177, 139, 47, 811110, 7280, 1010, 4340, 479213), 
		('BD25982', 1959, 954, 393, 580, 149, 84, 313330, 1080, 1210, 1560, 426103), 
		('SC57157', 1361, 862, 505, 918, 556, 232, 8820, 22320, 1750, 3260, 361548), 
		('JO34775', 150, 1278, 304, 182, 346, 261, 5720, 960110, 590, 2560, 349999), 
		('HA92621', 1265, 1113, 943, 0, 545, 39, 9204240, 5780, 4020, 970, 326910), 
		('ZH38920', 625, 679, 321, 406, 464, 164, 0, 453840, 4010, 10, 310146), 
		('LA71950', 1669, 1876, 190, 346, 432, 294, 1260, 8760, 3990, 490, 300688), 
		('FU68319', 321, 781, 705, 823, 221, 140, 390, 6360300, 810, 710, 264834), 
		('CH84407', 1640, 1553, 2, 580, 0, 240, 7270, 315000, 380, 3270, 206448), 
		('HU96498', 0, 1520, 719, 563, 535, 281, 3000, 608890, 1970, 40, 190846), 
		('BA14453', 701, 285, 0, 182, 111, 190, 689430, 8993860, 4080, 1970, 186131), 
		('AV12957', 1209, 1566, 989, 755, 43, 84, 87770, 5794450, 4840, 110, 175135), 
		('HA55192', 407, 815, 315, 0, 600, 237, 4884000, 357540, 4260, 430, 168888), 
		('RM84619', 234, 1210, 277, 548, 41, 197, 2850, 14320, 200, 2030, 163468), 
		('XZ43591', 710, 268, 834, 108, 567, 49, 6305220, 6208910, 80, 1450, 150341), 
		('HG21932', 100, 1021, 90, 0, 47, 3, 8400, 304310, 1540, 5000, 144318), 
		('HE34224', 455, 765, 681, 515, 227, 62, 0, 710, 4260, 2190, 135031), 
		('TT20532', 493, 1333, 817, 985, 499, 233, 94320, 71450, 3100, 3960, 129034), 
		('DO21487', 1139, 1072, 3, 612, 600, 274, 122500, 2190, 1000, 860, 48351), 
		('BA47259', 1135, 2000, 324, 139, 140, 172, 50, 1106000, 2170, 2420, 43106), 
		('BK73627', 13, 1963, 717, 84, 30, 248, 753670, 28850, 3190, 400, 36450), 
		('ST96979', 753, 385, 715, 856, 165, 253, 0, 355830, 4430, 610, 24610), 
		('BU37982', 420, 2000, 42, 640, 269, 291, 7230, 95670, 1070, 2640, 19131), 
		('KY82858', 1631, 322, 792, 211, 191, 185, 7970, 40760, 4710, 3650, 12345), 
		('NK62134', 1889, 1087, 406, 63, 306, 73, 21490, 1110, 2720, 4910, 9966), 
		('SO49644', 302, 992, 846, 244, 389, 110, 831230, 744840, 3000, 1070, 8888), 
		('HG62636', 185, 886, 479, 772, 160, 181, 698770, 9690, 2450, 4210, 7447), 
		('DU81499', 316, 324, 353, 734, 243, 294, 754850, 5530, 3130, 390, 6888), 
		('QQ91638', 944, 516, 554, 334, 77, 191, 366300, 662120, 3750, 4130, 5015), 
		('MH79307', 1149, 1439, 514, 618, 65, 148, 7070780, 918390, 3760, 2520, 3550), 
		('GA41904', 636, 1895, 803, 837, 600, 104, 670, 46770, 4610, 810, 3495), 
		('YI78792', 1368, 1957, 906, 207, 341, 130, 234950, 6970, 770, 4760, 2952), 
		('ME45019', 1286, 1545, 17, 736, 435, 173, 5904000, 539420, 4910, 4280, 2910), 
		('TJ13418', 761, 384, 518, 547, 95, 66, 6430, 721020, 510, 4150, 2877), 
		('LU41972', 118, 247, 385, 909, 390, 20, 355680, 48190, 4600, 2190, 2780), 
		('FI11940', 1441, 1521, 882, 882, 418, 187, 542340, 7131330, 340, 2960, 2530), 
		('KT77326', 650, 120, 78, 235, 237, 125, 4410, 6600, 220, 390, 2378), 
		('XB80047', 1719, 1987, 142, 854, 472, 10, 6240, 860, 2500, 3560, 2228), 
		('DE77594', 1674, 1704, 885, 123, 393, 59, 10000000, 7430, 710, 4130, 2189), 
		('MI12851', 374, 1411, 657, 292, 11, 45, 9250, 690380, 4900, 1800, 1907), 
		('IS82920', 935, 1820, 600, 749, 381, 48, 3580, 4260970, 4970, 3040, 1613), 
		('YB92350', 1356, 493, 248, 545, 199, 263, 1840, 280, 4840, 740, 1455), 
		('KO28392', 530, 80, 253, 710, 200, 196, 0, 5152410, 2210, 2290, 1424), 
		('NQ12074', 341, 1068, 555, 888, 429, 300, 120410, 1650, 3500, 3120, 1413), 
		('NH70621', 1485, 1142, 647, 315, 398, 224, 23660, 1100, 2450, 3170, 1285), 
		('TH34134', 2000, 292, 7, 396, 158, 16, 6610, 7280, 2260, 4360, 1184), 
		('YZ69779', 707, 819, 655, 750, 269, 269, 7430, 440, 3780, 1730, 1176), 
		('AM68257', 1177, 90, 849, 403, 568, 180, 61850, 951150, 3610, 3940, 1105), 
		('XT64699', 599, 1753, 34, 307, 11, 153, 7060, 934040, 1220, 2250, 1100), 
		('HE17930', 1575, 1747, 485, 45, 600, 189, 2140, 880, 1550, 4260, 1093), 
		('HO52997', 1249, 1571, 707, 398, 319, 79, 1520, 1230, 20, 2530, 1046), 
		('TR65209', 1849, 1024, 926, 571, 150, 141, 0, 8700, 350, 1950, 984), 
		('AZ59839', 812, 295, 239, 892, 393, 277, 258930, 7180, 3730, 230, 981), 
		('ST95090', 1511, 1043, 680, 535, 565, 93, 5378970, 399970, 1680, 1200, 971), 
		('LL72762', 607, 716, 982, 707, 493, 102, 8320, 55640, 4810, 1790, 968), 
		('BB63592', 274, 382, 424, 217, 83, 53, 9250, 0, 2410, 3870, 952), 
		('NI53884', 1311, 1811, 218, 166, 278, 11, 88070, 5980, 3320, 4160, 915), 
		('BI54017', 675, 336, 762, 824, 575, 0, 8110, 5930, 4600, 3380, 889), 
		('KM10171', 1396, 1680, 620, 333, 98, 241, 6950, 80, 2190, 3590, 885), 
		('MA26015', 54, 1510, 462, 724, 0, 233, 9660, 3880, 3080, 220, 881), 
		('NA55863', 1091, 480, 885, 425, 102, 267, 310000, 7000, 4650, 3310, 869), 
		('TM10949', 1677, 477, 766, 363, 304, 98, 214760, 3019730, 590, 1450, 857), 
		('MM26514', 1227, 1992, 845, 700, 110, 67, 0, 37310, 4290, 1160, 833), 
		('HB41875', 1021, 896, 356, 215, 499, 19, 666600, 840, 4980, 4550, 828), 
		('BN97758', 564, 1244, 307, 459, 600, 32, 8000, 7270, 3160, 480, 805), 
		('LM71943', 1840, 841, 557, 235, 395, 28, 7960, 8080, 260, 3700, 767), 
		('HE63241', 135, 383, 787, 256, 377, 25, 7630, 0, 4770, 3150, 757), 
		('NT75855', 1902, 1289, 555, 87, 573, 122, 2880, 1460, 1590, 110, 755), 
		('OS95760', 93, 301, 549, 456, 548, 87, 0, 84770, 4050, 3750, 751), 
		('MA42178', 221, 1974, 301, 71, 479, 248, 1660, 780560, 320, 1990, 747), 
		('DO80861', 893, 1618, 831, 955, 353, 141, 587550, 2056310, 4000, 600, 739), 
		('LD37739', 1038, 765, 195, 16, 346, 182, 550, 5770, 3340, 3120, 734), 
		('HD42590', 1727, 30, 560, 140, 593, 46, 4190, 5510, 2830, 990, 723), 
		('NI57190', 1516, 1283, 911, 331, 85, 140, 0, 82520, 2010, 4770, 711), 
		('LC64914', 1964, 326, 884, 820, 0, 209, 935800, 679210, 4370, 2010, 704), 
		('TM51801', 395, 1982, 371, 223, 296, 158, 268000, 5230, 1490, 1620, 699), 
		('HD41846', 1035, 10, 485, 532, 401, 163, 2262150, 1149640, 3420, 4570, 692), 
		('TH54191', 344, 475, 715, 576, 448, 256, 10000000, 7029400, 3040, 2940, 659), 
		('TT24862', 494, 1046, 220, 0, 599, 17, 461000, 9395800, 4830, 3330, 646), 
		('NH73149', 381, 378, 384, 735, 600, 55, 2710, 2233540, 1060, 4650, 638), 
		('OY12127', 607, 302, 4, 568, 36, 270, 98770, 2050, 4740, 1910, 632), 
		('PA27888', 638, 1852, 357, 725, 245, 299, 54690, 6440, 940, 490, 619), 
		('HD41845', 1924, 269, 231, 996, 158, 221, 83940, 80, 2760, 3410, 603), 
		('DR72024', 874, 852, 789, 108, 242, 156, 550, 2226140, 1400, 570, 596), 
		('GH72139', 1645, 1970, 982, 387, 147, 178, 6330, 5590, 2200, 2480, 581), 
		('DK39370', 249, 803, 251, 782, 428, 29, 900, 4440, 5000, 2350, 561), 
		('SO87133', 1526, 1685, 587, 645, 540, 105, 8270, 10000000, 740, 820, 555), 
		('GR72172', 628, 293, 394, 771, 259, 42, 0, 38550, 3530, 3850, 537), 
		('GN72211', 390, 1429, 682, 892, 117, 274, 5380, 646520, 3190, 4290, 523), 
		('ZO96117', 60, 1480, 678, 700, 386, 92, 908080, 9397360, 80, 1950, 501), 
		('GE35211', 903, 1119, 817, 299, 279, 96, 4630, 1610, 2500, 2470, 501), 
		('LS41815', 649, 1279, 249, 187, 519, 174, 294480, 4340, 3450, 900, 497), 
		('HO78554', 236, 1587, 981, 244, 467, 198, 30020, 980, 2000, 1030, 495), 
		('HP55322', 1889, 1854, 488, 675, 234, 51, 13600, 1090, 1970, 680, 494), 
		('SY27921', 398, 1963, 71, 516, 495, 119, 4430, 18620, 1060, 4500, 481), 
		('VK12518', 812, 1067, 57, 909, 46, 16, 8350, 7567550, 1980, 2730, 480), 
		('HA70049', 1514, 1083, 71, 607, 368, 104, 9580, 6200, 0, 4110, 477), 
		('YM80657', 1862, 1594, 289, 136, 453, 274, 6980, 77020, 730, 1090, 468), 
		('MM82128', 1486, 27, 120, 765, 446, 176, 750, 94150, 2650, 2760, 462), 
		('ZK26805', 37, 691, 470, 253, 239, 217, 9660, 8490, 1000, 4640, 460), 
		('TO42112', 540, 1615, 697, 427, 521, 179, 7480, 15710, 120, 1560, 458), 
		('IN79869', 1174, 447, 749, 219, 93, 56, 0, 4820, 4840, 2630, 450), 
		('HT40526', 1978, 1267, 716, 815, 427, 91, 2670, 60, 1490, 4340, 447), 
		('IN86378', 670, 1878, 242, 776, 506, 152, 8550, 549700, 3010, 4800, 444), 
		('IK62590', 1748, 600, 502, 738, 5, 260, 9636700, 3016230, 780, 4810, 444), 
		('CE81467', 1403, 639, 106, 130, 326, 231, 38550, 8120, 2490, 4450, 443), 
		('BG44722', 367, 1604, 356, 201, 389, 48, 12990, 9860, 5000, 3540, 423), 
		('MI44225', 171, 744, 92, 752, 537, 5, 530, 2120, 2300, 1840, 413), 
		('HA75350', 1216, 470, 147, 955, 42, 300, 9960, 9468980, 530, 850, 406), 
		('DN76104', 473, 1620, 327, 699, 154, 60, 2310, 1380, 1900, 1000, 404), 
		('DB25563', 988, 1488, 319, 999, 152, 68, 8688460, 9230, 1380, 1350, 403), 
		('TO80652', 1178, 381, 567, 864, 313, 258, 3820, 0, 1360, 3990, 395), 
		('PL78628', 1166, 344, 535, 117, 51, 116, 9230, 50, 310, 680, 394), 
		('IP83365', 533, 1713, 742, 298, 449, 258, 307810, 0, 700, 3290, 388), 
		('DT63066', 1194, 1607, 576, 553, 341, 10, 4580, 0, 2840, 4930, 386), 
		('AC47276', 1026, 1202, 689, 908, 399, 135, 2860, 1320, 2580, 90, 384), 
		('HT11710', 1228, 1994, 438, 952, 157, 65, 446730, 6620, 340, 540, 381), 
		('LD18936', 337, 1481, 625, 40, 391, 300, 7680, 7510, 2230, 3590, 378), 
		('RE49818', 800, 1364, 881, 192, 202, 136, 5570, 947540, 1310, 1860, 375), 
		('SO95096', 1742, 212, 503, 779, 52, 46, 100, 29040, 2150, 310, 373), 
		('TT45768', 50, 1592, 895, 94, 320, 165, 1720, 6338240, 280, 460, 371), 
		('CH77595', 1574, 598, 756, 528, 120, 120, 40, 523410, 2570, 1150, 368), 
		('ME42282', 863, 1132, 609, 745, 345, 201, 1160, 4310, 4350, 5000, 367), 
		('LL43115', 1523, 464, 212, 322, 517, 111, 4760, 88430, 60, 4770, 365), 
		('HN10816', 489, 696, 838, 713, 98, 201, 5520, 0, 4630, 4440, 358), 
		('HD58204', 998, 699, 342, 208, 540, 293, 979240, 502100, 1600, 3220, 355), 
		('QX32118', 1758, 1599, 319, 124, 84, 184, 970, 84940, 2840, 1620, 344), 
		('QT64220', 727, 1265, 630, 516, 292, 56, 25000, 987100, 3720, 2790, 342), 
		('DN19943', 571, 1079, 820, 811, 572, 53, 0, 5869690, 4890, 3520, 332), 
		('MC41044', 1020, 10, 312, 990, 33, 286, 1380, 7155600, 3050, 1760, 331), 
		('KI49967', 1018, 1866, 678, 71, 226, 208, 772810, 68170, 3940, 2630, 331), 
		('SE37962', 137, 1774, 395, 193, 165, 228, 61430, 7690, 3390, 1860, 322), 
		('BL15831', 208, 654, 633, 572, 357, 42, 0, 7750, 3280, 40, 306), 
		('MT18739', 1076, 769, 174, 639, 519, 170, 58870, 10000000, 2760, 3120, 301), 
		('SU48724', 1986, 575, 224, 510, 100, 218, 432670, 0, 1890, 3380, 299), 
		('IZ71935', 1012, 341, 548, 923, 473, 196, 0, 8180, 550, 3920, 299), 
		('MO37904', 100, 869, 572, 1000, 87, 112, 0, 37900, 40, 1570, 298), 
		('TO50044', 1514, 1896, 618, 849, 223, 183, 0, 656140, 2960, 470, 282), 
		('KH45424', 1267, 184, 594, 384, 542, 223, 3846030, 10000000, 4290, 0, 281), 
		('TT53295', 210, 466, 914, 961, 276, 68, 4680, 6280, 4450, 950, 280), 
		('KE33589', 1158, 1229, 1000, 308, 101, 254, 6024620, 66100, 3300, 4290, 273), 
		('PA86735', 1195, 150, 114, 461, 439, 264, 1627660, 6656770, 10, 1220, 270), 
		('GL88882', 790, 740, 502, 913, 502, 219, 4424350, 73700, 50, 3290, 269), 
		('MP62818', 1827, 744, 369, 419, 518, 299, 56540, 4780, 2870, 1060, 256), 
		('CB90213', 1623, 1516, 453, 58, 553, 284, 9920, 651130, 4660, 3930, 256), 
		('KO83614', 213, 1322, 309, 563, 289, 86, 935390, 125430, 560, 900, 252), 
		('BK64099', 1573, 735, 773, 707, 499, 152, 4990, 68100, 2370, 980, 242), 
		('YN19453', 1585, 557, 999, 994, 173, 226, 74960, 45160, 60, 3800, 237), 
		('VT64954', 1657, 965, 817, 65, 598, 173, 74080, 6790, 1180, 1140, 233), 
		('JA93169', 821, 1653, 181, 664, 247, 156, 693350, 961680, 3120, 2400, 232), 
		('RC26745', 352, 410, 17, 454, 277, 91, 99000, 36840, 120, 710, 230), 
		('CH18509', 1012, 1547, 259, 377, 348, 53, 0, 6664800, 1340, 1470, 228), 
		('AR24325', 447, 453, 425, 450, 523, 113, 2170, 7090, 4820, 470, 224), 
		('MK32232', 1813, 1186, 185, 288, 586, 42, 0, 4290, 3150, 1120, 221), 
		('RO55988', 503, 1102, 141, 769, 303, 218, 84440, 8780, 1490, 960, 216), 
		('NB44613', 780, 161, 502, 15, 529, 136, 4960, 96270, 2430, 4120, 211), 
		('TH96515', 1582, 684, 799, 685, 106, 291, 5530, 6250, 430, 99, 202), 
		('MO95606', 53, 953, 854, 609, 581, 110, 9940, 70, 480, 3010, 195), 
		('JO55453', 529, 1541, 429, 873, 552, 226, 188560, 1620, 1750, 4980, 194), 
		('LI70508', 1480, 407, 698, 759, 258, 257, 861970, 511490, 3230, 3780, 190), 
		('BE98597', 1968, 780, 730, 819, 70, 25, 99230, 94370, 3020, 50, 190), 
		('LE82599', 1348, 104, 0, 402, 343, 266, 3690, 2446780, 910, 1090, 183), 
		('LO47133', 100, 224, 650, 707, 306, 40, 6410, 54010, 2030, 1990, 162), 
		('SG65451', 142, 38, 60, 74, 531, 172, 5670, 0, 450, 580, 159), 
		('GX99010', 2000, 1436, 933, 10, 95, 17, 0, 5800, 910, 3500, 157), 
		('ND33072', 1154, 336, 103, 614, 3, 63, 518260, 5350, 3990, 780, 156), 
		('KV48953', 943, 1485, 861, 684, 303, 226, 6420, 0, 2270, 4940, 151), 
		('VE30577', 213, 1902, 353, 276, 365, 112, 6820, 0, 1090, 780, 146), 
		('TO58028', 218, 1927, 22, 503, 68, 94, 90, 812170, 2670, 430, 136), 
		('TN64946', 906, 1401, 174, 231, 415, 256, 91030, 2820, 2120, 1010, 131), 
		('AC42283', 78, 1326, 396, 78, 106, 236, 36000, 0, 2390, 4500, 128), 
		('RE28756', 20, 1491, 152, 861, 494, 55, 74970, 970, 810, 970, 126), 
		('TO32961', 726, 556, 424, 600, 501, 275, 400, 7250, 190, 4620, 122), 
		('AL26028', 222, 1192, 950, 228, 554, 194, 74530, 8160, 5000, 5000, 105), 
		('AT19308', 1935, 799, 17, 870, 47, 134, 96670, 60, 5000, 2750, 104), 
		('BE35280', 504, 283, 186, 633, 147, 250, 7240, 653150, 1110, 4290, 104), 
		('HO36066', 1637, 1677, 173, 650, 557, 283, 173860, 0, 3560, 3580, 102), 
		('AS57377', 384, 26, 8, 531, 552, 111, 44710, 0, 3770, 1390, 95), 
		('PR10346', 1305, 94, 594, 325, 285, 54, 7908830, 0, 2480, 2730, 92), 
		('MT90199', 1083, 859, 306, 963, 277, 172, 4820, 3710, 1480, 5000, 91), 
		('LI95082', 19, 1360, 949, 432, 254, 109, 3202070, 2520, 4960, 540, 88), 
		('HE73235', 1651, 554, 446, 358, 528, 48, 1572350, 91350, 2670, 4240, 88), 
		('VD94149', 1501, 1180, 80, 313, 415, 205, 3070, 2620, 2860, 0, 85), 
		('HK41295', 81, 836, 427, 403, 158, 261, 0, 746050, 3450, 190, 85), 
		('HD82811', 80, 1604, 354, 73, 319, 191, 27030, 4600, 3770, 1000, 80), 
		('DT21874', 129, 707, 15, 548, 28, 155, 6316300, 944200, 2300, 290, 79), 
		('TQ80183', 382, 636, 47, 228, 576, 10, 810, 394840, 3340, 3800, 72), 
		('SH78212', 93, 353, 308, 973, 359, 153, 3974390, 2180, 1720, 4260, 68), 
		('KH64928', 1926, 306, 717, 890, 284, 49, 8380, 97940, 2700, 2390, 66), 
		('NO83153', 848, 492, 464, 1000, 243, 148, 2599530, 9710, 4610, 2360, 56), 
		('GR58968', 749, 1753, 899, 948, 325, 200, 5080, 7890, 3210, 100, 56), 
		('HA67471', 997, 177, 89, 415, 105, 44, 349060, 6330, 4260, 110, 55), 
		('NN46279', 1272, 1760, 1000, 489, 517, 212, 6490, 24520, 2490, 3960, 55);
-- INSERT BANG PHANLOAI LEVEL
INSERT INTO PHANLOAI
	(START, "END", "LEVEL") VALUES
		(0, 500, 1), 
		(500, 1000, 2), 
		(1000, 1500, 3), 
		(1500, 2500, 4), 
		(2500, 3000, 5), 
		(3000, 3500, 6), 
		(3500, 4500, 7), 
		(4500, 6000, 8), 
		(6000, 7000, 9), 
		(7000, 7800, 10), 
		(7800, 9000, 11), 
		(9000, 10000, 12), 
		(10000, 15000, 13), 
		(15000, 20000, 14), 
		(20000, 28000, 15), 
		(28000, 38000, 16), 
		(38000, 45000, 17), 
		(45000, 50000, 18), 
		(50000, 60000, 19), 
		(60000, 68000, 20), 
		(68000, 100000, 21), 
		(100000, 108000, 22), 
		(108000, 115000, 23), 
		(115000, 120000, 24), 
		(120000, 125000, 25), 
		(125000, 130000, 26), 
		(130000, 138000, 27), 
		(138000, 145000, 28), 
		(145000, 155000, 29), 
		(155000, 165000, 30), 
		(165000, 172000, 31), 
		(172000, 180000, 32), 
		(180000, 188600, 33), 
		(188600, 195000, 34), 
		(195000, 220000, 35), 
		(220000, 295000, 36), 
		(295000, 305000, 37), 
		(305000, 318000, 38), 
		(318000, 330000, 39), 
		(330000, 350000, 40), 
		(350000, 388000, 41), 
		(388000, 450000, 42), 
		(450000, 480000, 43), 
		(480000, 505000, 44), 
		(505000, 550000, 45), 
		(550000, 620000, 46), 
		(620000, 700000, 47), 
		(700000, 800000, 48), 
		(800000, 900000, 49), 
		(900000, 1000000, 50);
-- INSERT BANG NGUOICHOI
INSERT INTO NGUOICHOI
	(PLAYER_ID, CITY_ID, HOVATEN, NICKNAME, BIRTH_DATE, DATE_REGIS, DATE_LAST_LOGOUT) VALUES
		(110020, 'MA42178', N'Vũ Trung Hiếu', 'zcverjgjd', '1998-07-11', '2016-02-15', '2020-12-25'), 
		(114251, 'VE30577', N'Dương Minh Ánh', 'sdfnpoa', '1999-08-26', '2016-06-02', '2021-05-19'), 
		(116100, 'RM84619', N'Nguyễn Minh Huệ', 'nmhue', '2001-08-01', '2016-08-05', '2021-04-08'), 
		(117733, 'TH54191', N'Hồ Đức Duy', 'duyho', '2000-10-06', '2017-07-01', '2021-04-30'), 
		(123288, 'SO95096', N'Pedro González López ', 'asd9vas', '1990-08-08', '2017-08-14', '2021-04-16'), 
		(125748, 'NO83153', N'Tô Đức Anh', 'suncorn', '1997-11-17', '2018-08-22', '2021-04-25'), 
		(135242, 'YI78792', N'Lê Huy Hoàng', 'sdfe3w', '1999-08-18', '2018-06-09', '2020-05-09'), 
		(140152, 'TQ80183', N'Trần Huy Hoàng', 'gnsg', '2001-02-28', '2016-01-31', '2021-04-17'), 
		(144850, 'IS82920', N'Đặng Minh Châu', 'hertmh', '2001-01-04', '2016-02-15', '2021-05-03'), 
		(168595, 'AS57377', N'Norberto Murara Neto', 'sdj0fjakr', '1997-12-30', '2016-11-08', '2021-03-04'), 
		(177993, 'BG44722', N'Diego Altube', 'ash5', '1999-09-12', '2016-05-04', '2021-05-15'), 
		(178457, 'PL78628', N'Luka Jovic', 'aasu09', '1991-08-28', '2017-01-28', '2021-05-19'), 
		(180666, 'HE34224', N'Hoàng Đức Minh Triều', 'dsansd', '1999-06-17', '2017-11-12', '2021-04-18'), 
		(181314, 'DR72024', N'Ignacio Penã', 'dsfnodf', '1998-02-28', '2018-02-05', '2021-03-18'), 
		(188181, 'HA75350', N'Phạm Thị Ngọc Yến', 'asdfpma', '2000-11-29', '2018-10-18', '2021-04-25'), 
		(190711, 'HA70049', N'Phạm Ngọc Anh', 'username', '1997-10-27', '2017-03-31', '2021-01-14'), 
		(190837, 'TU39156', N'James Rodriguez', 'asdjr', '2009-09-28', '2017-12-11', '2021-05-12'), 
		(191616, 'HP55322', N'Nguyễn Thị Thuỳ Dương', 'tiktok', '2001-03-10', '2018-03-27', '2021-05-03'), 
		(193085, 'HA55192', N'Hồ Xuân Anh Tú', 'hxat276', '1999-02-17', '2016-10-08', '2021-05-19'), 
		(199602, 'LL72762', N'Jordi Alba', 'vdfvn54', '2001-08-22', '2017-02-17', '2020-12-30'), 
		(202339, 'KY82858', N'Nguyễn Minh Hoàng', 'provip123', '2005-06-04', '2017-08-25', '2021-04-05'), 
		(208680, 'MM82128', N'Lê Thị Hồng Nhung', 'vnpodf', '1999-07-29', '2017-11-02', '2021-05-19'), 
		(215410, 'KV48953', N'Lương Thế Huy', 'r0otgpm', '1996-10-16', '2018-06-07', '2021-04-04'), 
		(216482, 'BI54017', N'Trần Minh Khoa', 'khoadz1', '2008-04-17', '2018-08-13', '2021-04-16'), 
		(223315, 'AV12957', N'Ngô Thị Lục', 'mgdpon', '1998-12-01', '2018-09-06', '2021-04-12'), 
		(229854, 'KM10171', N'Nguyễn Bình Nguyên', 'fgndsoif', '2005-11-08', '2016-01-16', '2021-03-06'), 
		(232360, 'HG21932', N'Sergi Roberto', 'asdfi', '2000-03-24', '2018-04-11', '2021-05-19'), 
		(237965, 'AL26028', N'Lưu Hồng Quang', 'mdfoiser', '2002-06-22', '2018-11-25', '2021-05-09'), 
		(239034, 'GH72139', N'Nguyễn Phú Trọng', 'trongdz123', '1996-09-14', '2018-12-11', '2021-04-03'), 
		(241558, 'TO32961', N'Miralem Pjanic', 'ai3jrakpsd', '1998-07-04', '2019-06-07', '2021-04-26'), 
		(242851, 'GE35211', N'Francisco Machado Trincão', 'hajefa', '1993-11-26', '2016-01-21', '2021-05-15'), 
		(243365, 'ME42282', N'Nguyễn Thị Hoài Linh', 'hlinhz1', '2008-12-10', '2016-09-12', '2021-04-29'), 
		(250623, 'GL88882', N'Phạm Đức Hiếu Thành', 'uthanh1', '1991-08-16', '2017-02-16', '2021-05-08'), 
		(254693, 'LO47133', N'Kiều Sơn Tùng', 'tnug12a', '1994-12-11', '2017-04-10', '2021-05-03'), 
		(258499, 'HB41875', N'Dani Carvajal', 'hse4d', '2000-08-02', '2017-06-19', '2021-04-14'), 
		(269914, 'TM51801', N'Martin Braithwaite Christensen', 'dfgmiotrm', '2002-11-11', '2017-07-26', '2020-11-29'), 
		(277541, 'AC42283', N'Vũ Thị Tâm', 'sdnpasn', '1998-03-19', '2018-03-30', '2021-04-14'), 
		(287414, 'RE49818', N'Trần Minh Quang', 'tmqabcd', '2000-07-12', '2018-04-29', '2021-05-15'), 
		(288037, 'DT63066', N'Mariano Diaz', '1430923', '1998-06-04', '2018-10-28', '2021-05-09'), 
		(289250, 'HE63241', N'Đinh Thị Hà Phương', 'lotogirl', '2000-06-23', '2016-08-22', '2021-05-15'), 
		(292288, 'XT64699', N'Vũ Tiến Lộc', 'dkfisdj', '2003-06-03', '2016-11-03', '2021-05-14'), 
		(300517, 'TT24862', N'Antonie Griezmann', 'y4htnbio', '1990-12-16', '2016-12-21', '2021-04-17'), 
		(304484, 'GA41904', N'Lưu Xuân Nghĩa', 'nghialuu29', '1997-05-29', '2017-03-06', '2021-05-19'), 
		(313962, 'TT20532', N'Vũ Tiến Vượng', 'fnaposdf', '1996-12-10', '2017-05-02', '2021-04-08'), 
		(332998, 'SO49644', N'Phạm Thị Thu Hương', 'metokb', '2002-12-04', '2017-05-04', '2021-04-20'), 
		(338521, 'DT21874', N'Phạm Huy Hoàng', 'ergddd', '2000-11-01', '2017-05-07', '2021-04-16'), 
		(341000, 'BA37322', N'Lê Thu Hiền', 'hienle123', '2003-03-11', '2017-06-01', '2021-03-15'), 
		(346748, 'IP83365', N'Nguyễn Ngọc Yên', 'mtomgfd', '2004-12-25', '2016-08-25', '2021-05-19'), 
		(348320, 'HD41845', N'Ronald Federico Arausjo da Silva', 'aftjgd3', '2001-12-12', '2016-11-17', '2021-02-10'), 
		(356525, 'TO58028', N'Nguyễn Hữu Thuật', 'sadmvasdv', '1999-01-28', '2017-01-01', '2021-04-17'), 
		(364837, 'TO50044', N'Luka Modric', 'lmmmm', '2005-01-03', '2017-05-19', '2021-05-19'), 
		(371790, 'TH96515', N'Hoàng Phi Long', 'mfgihry', '2003-05-29', '2017-08-30', '2021-04-29'), 
		(389438, 'KO28392', N'Nguyễn Hải Trung', 'fdgser', '2004-11-25', '2017-11-05', '2021-05-17'), 
		(392223, 'LI95082', N'Nguyễn Minh Hiếu', 'sdv4egm', '1997-12-04', '2018-03-18', '2020-12-14'), 
		(392483, 'ST96979', N'Nguyễn Đức Hoàng', 'sjoknione', '1999-12-16', '2018-09-29', '2021-05-12'), 
		(394185, 'KD76953', N'Lại Tiến Long', 'er5egn', '2003-06-24', '2018-10-03', '2021-05-03'), 
		(394761, 'YZ69779', N'Phạm Thị Linh Chi', '43iotalen', '2002-02-02', '2018-10-06', '2021-05-03'), 
		(405013, 'GN72211', N'Casemiro ', 'asdflkjh', '1998-04-15', '2017-10-01', '2021-03-06'), 
		(406838, 'CH84407', N'Nguyễn Việt Dương', 'atomic', '2001-08-16', '2017-12-23', '2020-05-05'), 
		(408519, 'XA35448', N'Nguyễn Kim Sơn', 'amwofmo', '1996-12-17', '2018-03-01', '2021-04-07'), 
		(411026, 'HK41295', N'Nguyễn Trúc Anh', 'vmspoid', '1996-06-11', '2016-08-10', '2021-04-01'), 
		(413997, 'HU96498', N'Nguyễn Thị Phương Thúy', 'vmpsd', '2002-08-27', '2017-07-09', '2021-05-10'), 
		(415187, 'NI57190', N'Álex Collado', 'faj0itnk', '2004-08-12', '2017-07-22', '2021-04-08'), 
		(419884, 'MO95606', N'Junior Firpo', 'dvninxc', '2005-06-23', '2018-06-23', '2021-04-15'), 
		(424438, 'YB92350', N'Philippe Coutinho Correia', '2riosndiv', '2004-11-05', '2019-02-21', '2021-04-10'), 
		(437059, 'TR65209', N'Nguyễn Linh Chi', 'cicichi', '1999-12-06', '2019-07-10', '2021-04-29'), 
		(441349, 'LS41815', N'Trần Văn Bắc', 'sdnfoai', '2001-08-14', '2016-11-10', '2021-05-01'), 
		(443189, 'DK39370', N'Trần Việt Anh', 'went0insd', '1997-03-22', '2017-04-14', '2021-04-14'), 
		(450172, 'SY27921', N'Konrad De La Fuente', 'aseink', '2004-12-13', '2017-04-18', '2021-04-13'), 
		(450318, 'OS95760', N'Cao Bá Thiện', 'bthienazz', '1993-07-20', '2017-04-24', '2020-04-08'), 
		(450720, 'ST95090', N'Matheus Fernandes Siqueira', 'asjfj54yg', '2008-12-18', '2017-07-15', '2021-04-11'), 
		(460937, 'VK12518', N'Bùi Huyền Mai', 'dfgiosrjts', '1999-04-28', '2018-10-15', '2021-04-13'), 
		(467186, 'BA47259', N'Nguyễn Lê Duy', 'dfoser', '2005-02-28', '2016-01-30', '2021-03-18'), 
		(467329, 'ZK26805', N'Nguyễn Như Quỳnh', 'leslie', '2001-10-10', '2016-03-13', '2021-02-17'), 
		(467829, 'BE98597', N'Sergio Ramos', 'fdbg6', '2001-01-01', '2016-06-19', '2021-04-16'), 
		(472133, 'GR58968', N'Nguyễn Bảo Long', 'ghef37', '2003-09-03', '2016-10-25', '2021-05-09'), 
		(473847, 'HD41846', N'Nguyễn Quang Hiếu', 'sdafnasdf', '1998-06-02', '2016-11-19', '2020-12-16'), 
		(485191, 'LU41972', N'Vũ Đức Trung', 'sdnsoei', '2001-05-13', '2016-12-25', '2021-05-06'), 
		(485823, 'SH78212', N'Karim Benzema', 'kzzzz111', '2003-10-01', '2017-02-28', '2021-05-18'), 
		(486638, 'LC64914', N'Sergio Busquets', 'rt0mads', '2003-02-03', '2018-01-08', '2021-05-12'), 
		(486789, 'TH34134', N'Lê Trung Hiếu', 'trunghieu2', '2003-03-22', '2018-09-29', '2021-03-16'), 
		(487917, 'FU68319', N'Nguyễn Thu Thảo', 'ttthaooo', '1992-03-13', '2016-04-13', '2019-05-18'), 
		(489087, 'VT64954', N'Lê Thị Tú Vân', 'vttlvippro', '1999-02-27', '2017-04-30', '2021-05-01'), 
		(496716, 'IN86378', N'Nguyễn Minh Hiếu', 'mfger', '1997-05-09', '2016-06-02', '2021-04-01'), 
		(499196, 'MH79307', N'Nguyễn Hữu Chính', 'bhrt', '1997-05-31', '2016-07-02', '2021-04-09'), 
		(501273, 'MI44225', N'Đặng Thị Kim Tuyến', 'asdfa', '2000-05-30', '2016-07-21', '2021-04-24'), 
		(516873, 'HA67471', N'Trần Huyền Trang', 'trangcasi', '1993-10-29', '2018-11-22', '2021-04-08'), 
		(523759, 'HE73235', N'Hoàng Phương Cúc', 'gsmdp', '2003-07-10', '2017-07-11', '2021-05-06'), 
		(543567, 'PA86735', N'Trần Hương Giang', 'giantran1', '2002-05-06', '2017-08-10', '2021-05-10'), 
		(543875, 'DO21487', N'Vũ Thanh Hương', 'dfniner', '2003-03-12', '2017-11-29', '2021-04-22'), 
		(548835, 'PR10346', N'Bùi Hoài Sơn', 'rt45mg', '2003-06-17', '2017-12-29', '2021-05-15'), 
		(550656, 'NQ12074', N'Rodrygo ', 'vgtwh', '2000-09-10', '2018-02-04', '2020-11-29'), 
		(559531, 'IN79869', N'Nguyễn Việt Hoàng', 'ertf', '1999-11-16', '2018-04-02', '2021-05-10'), 
		(560495, 'QT64220', N'Võ Thùy Phương', 'vndfbsd', '1997-02-21', '2016-11-28', '2021-04-07'), 
		(565533, 'MI12851', N'Trương Thị Thu Thảo', 'thaopro456', '1993-03-12', '2017-04-23', '2021-05-08'), 
		(566045, 'YN19453', N'Nguyễn Tiến Dũng', '4wiy', '2004-09-14', '2017-06-10', '2021-03-13'), 
		(566155, 'NN46279', N'Đặng Thị Hồng Nhung', 'nvsoin', '1996-03-14', '2018-01-19', '2021-03-07'), 
		(574611, 'RO55988', N'Khuất Việt Dũng', 'snfin432', '2000-11-13', '2018-01-21', '2021-05-19'), 
		(578824, 'QU86536', N'Lucas Vazquez', 'vvcyhwe', '1990-03-10', '2018-04-17', '2021-05-12'), 
		(579046, 'CE81467', N'Lionel Messi', 'jvijirj4', '1995-11-17', '2018-05-25', '2021-05-12'), 
		(580458, 'NB44613', N'De La Fuente Barquilla Adrian', 'sdkm5o', '2001-01-28', '2018-06-07', '2020-12-11'), 
		(586464, 'MT18739', N'Nguyễn Thị Diệu Linh', 'dpfgjper', '2003-05-18', '2018-10-04', '2021-04-23'), 
		(592418, 'KE33589', N'Nguyễn Ngọc Thìn', 'sfdmvosem', '1998-05-25', '2018-11-24', '2021-04-16'), 
		(595585, 'ND33072', N'Nacho ', 'ohcan', '2001-08-25', '2016-01-23', '2021-05-18'), 
		(615439, 'AM68257', N'Marco Asensio', 'bsdddd', '1993-06-25', '2016-05-11', '2021-03-14'), 
		(626506, 'SO87133', N'Óscar Mingueza', 'sd9ajd', '1996-10-28', '2016-05-26', '2021-02-25'), 
		(629748, 'ZO96117', N'Trần Phương Anh', 'hiihihi', '1998-10-18', '2016-07-05', '2021-04-27'), 
		(645267, 'JO55453', N'Lê Thị Thu Trang', 'sdvna09sn', '1997-02-04', '2016-08-17', '2021-05-19'), 
		(645946, 'LE82599', N'Nguyễn Hải Đăng', 'merogep', '2003-08-28', '2016-10-27', '2021-05-07'), 
		(646315, 'TN64946', N'Arnau Tenas', 'dgfw54', '2002-07-09', '2016-11-11', '2021-05-19'), 
		(648790, 'BL15831', N'Đào Thị Hồng Nhung', 'hnhungpro0', '1998-05-31', '2017-07-11', '2021-02-17'), 
		(650608, 'HT11710', N'Raphael Varane', 'ccccccc', '2001-06-24', '2016-10-24', '2021-05-18'), 
		(651479, 'AR24325', N'Hà Minh Đức', 'mikduke', '2001-09-07', '2017-08-23', '2020-05-07'), 
		(664682, 'DN19943', N'Nguyễn Thị Hà Tuyên', 'vniosen', '1996-10-09', '2017-09-18', '2021-04-06'), 
		(666650, 'BU37982', N'Brahim Diaz', 'dacsd', '1993-11-11', '2017-10-19', '2021-03-30'), 
		(667013, 'HD42590', N'Dương Ngọc Sơn', 'veoidv', '1997-06-16', '2018-04-08', '2021-04-12'), 
		(669871, 'RE28756', N'Nguyễn Sơn Tùng', 'gnut332', '1995-01-29', '2018-11-01', '2021-05-03'), 
		(675458, 'TO80652', N'Isco ', 'y5dsv', '1996-02-18', '2017-11-22', '2021-04-06'), 
		(676598, 'OY12127', N'Đỗ Thị Thanh Huế', 'huehuehue', '2005-07-29', '2016-12-31', '2021-04-06'), 
		(684687, 'KI49967', N'Phạm Đức Anh', 'f0ij4', '2001-05-06', '2017-03-06', '2021-04-30'), 
		(687192, 'JA93169', N'Clément Nicolas Laurent Lenglet', 'rlknbi', '1991-08-28', '2016-02-20', '2021-04-15'), 
		(687681, 'HG62636', N'Bùi Thị Thu Hương', 'thu1huong', '2008-03-09', '2016-04-11', '2021-04-14'), 
		(689758, 'CB90213', N'Nguyễn Thị Quý', 'dnsdc', '1997-04-17', '2016-05-18', '2021-04-09'), 
		(693502, 'MO37904', N'Frenkie de Jong', '5notineo', '2004-11-12', '2017-06-23', '2021-04-11'), 
		(708963, 'BK73627', N'Nguyễn Ngọc Tuấn', 'mdscp', '2000-01-25', '2017-10-26', '2021-04-23'), 
		(715277, 'MA26015', N'Hoàng Thị Mai Hương', 'fasiodhf', '2001-02-02', '2017-11-12', '2021-04-28'), 
		(719356, 'SU48724', N'Đoàn Thị Thanh Hoa', 'awfds', '1998-12-13', '2018-11-01', '2020-12-26'), 
		(719463, 'NI53884', N'Đào Thị Thu Phương', 'dttp132', '2000-04-30', '2018-01-23', '2021-02-17'), 
		(723792, 'DB25563', N'Moriba Kourouma', 'dfn0sn0', '1991-07-27', '2018-07-13', '2021-04-18'), 
		(733782, 'HT40526', N'Thibaut Courtois', 'huhuhuhu', '2001-05-29', '2016-01-12', '2021-03-04'), 
		(736827, 'MI96803', N'Phan Anh Chiến', 'sanfiae', '2002-08-06', '2016-05-08', '2021-05-04'), 
		(738653, 'LD18936', N'Nguyễn Phi Thường', 'neirn', '2000-01-15', '2016-06-15', '2021-04-16'), 
		(747824, 'KH45424', N'Trang Hải Long', 'sgsi', '2005-02-12', '2016-05-22', '2020-12-17'), 
		(750340, 'LM71943', N'Vũ Thúy Hiền', 'ionglfa', '2002-11-22', '2017-01-21', '2021-05-11'), 
		(757803, 'DE77594', N'Federico Valverde', 'poiuy', '2005-09-01', '2017-03-04', '2021-03-15'), 
		(763599, 'MC41044', N'Phạm Bá Toàn', 'dfgnfd', '2002-06-04', '2017-06-20', '2021-05-18'), 
		(764212, 'HO52997', N'Hoàng Thế Văn', 'vndssd', '2002-02-01', '2017-06-28', '2021-05-09'), 
		(768320, 'SC57157', N'Hà Long Giang', 'lonkgiank', '2002-02-23', '2017-08-10', '2021-05-09'), 
		(773998, 'HD82811', N'Phạm Ngọc Thi Thư', 'gsrgn4', '2002-06-08', '2017-10-24', '2021-04-28'), 
		(780585, 'SE37962', N'Ousmane Dembélé', 'sdknis', '2005-01-03', '2018-05-23', '2021-04-14'), 
		(781030, 'TO42112', N'Gerard Piqué', 'kdfnt', '1998-04-08', '2018-10-16', '2021-03-24'), 
		(784280, 'CH77595', N'Nguyễn Bá Đăng Khôi', 'khoiproa', '2008-12-03', '2018-11-11', '2021-04-21'), 
		(784497, 'NT75855', N'Phạm Vũ Thành Hưng', 'dfngsei5', '2002-10-18', '2016-07-25', '2020-12-25'), 
		(794996, 'QX32118', N'Mai Sơn Trà', 'vnzdfn', '2003-01-08', '2016-09-21', '2020-12-26'), 
		(799028, 'TT53295', N'Bùi Doãn Dũng', 'mroth', '2004-07-02', '2016-12-12', '2021-05-14'), 
		(802017, 'CH18509', N'Mai Lê Hoàng', 'hoangpro1', '2004-07-02', '2017-02-10', '2021-05-15'), 
		(802764, 'SG65451', N'Gareth Bale', 'gbgbgbgb', '2005-07-29', '2018-08-29', '2021-02-25'), 
		(803366, 'BA14453', N'Nguyễn Minh Anh', 'minhanh', '1997-05-21', '2017-05-21', '2021-01-08'), 
		(805495, 'MT90199', N'Nguyễn Anh Đức', 'eaivnfid', '2003-12-12', '2018-01-02', '2021-05-05'), 
		(811799, 'JO34775', N'Phạm Hồng Đức', 'sand0fa', '2004-02-03', '2018-02-21', '2021-05-12'), 
		(812525, 'BN97758', N'Sergino Gianni Dest', 'rwnoas', '2006-07-29', '2018-07-15', '2021-05-15'), 
		(814636, 'XB80047', N'Lê Cao Long', 'sdf0eirng', '2003-07-15', '2018-08-28', '2021-05-04'), 
		(815677, 'IK62590', N'Chúc Hoàng Minh', 'minhno1', '2005-10-12', '2016-02-14', '2021-05-15'), 
		(815994, 'TT45768', N'Nguyễn Sĩ Linh', '547ffdh', '2004-10-19', '2016-02-17', '2021-05-06'), 
		(816953, 'BK64099', N'Toni Kroos', 'gfg54', '2003-09-09', '2016-05-21', '2021-04-16'), 
		(819280, 'NA55863', N'Bùi Thị Mai Lương', 'luongbui26', '2003-04-26', '2016-07-09', '2021-05-07'), 
		(820974, 'HD58204', N'Phạm Anh Vũ', 'dsnhner', '2002-04-28', '2016-08-24', '2021-05-17'), 
		(824415, 'KH64928', N'Eder Militao', '6yrs23', '2000-08-29', '2016-09-26', '2021-04-15'), 
		(826393, 'ME45019', N'Hỏa Ngọc Phương', 'gtmjrtf55', '2004-11-08', '2016-10-15', '2021-05-09'), 
		(831847, 'PA27888', N'Marcelo ', 'mememme', '2001-09-15', '2017-08-09', '2021-02-27'), 
		(836892, 'KT77326', N'Trần Viết Tài', 'asdfaasd', '2005-05-04', '2017-11-07', '2021-05-12'), 
		(840143, 'LD37739', N'Trương Xuân Cừ', 'mvoisdmfp', '1997-11-07', '2017-12-03', '2021-04-11'), 
		(847391, 'GX99010', N'Bùi Hữu Thành', 'gngn445', '2005-10-28', '2018-09-25', '2021-05-15'), 
		(853420, 'RC26745', N'Mendy Ferland', '1vc0324j', '1996-11-21', '2018-10-04', '2021-04-27'), 
		(857890, 'LA71950', N'Đào Duy Đức', 'sdnf477', '2005-11-04', '2018-10-25', '2021-05-18'), 
		(862670, 'AT19308', N'Trần Thị Nhị Hà', 'm5ok', '1997-05-30', '2019-06-16', '2021-05-14'), 
		(868389, 'NH70621', N'Nguyễn Trung Hiếu', 'gdfg4345', '2005-11-28', '2018-09-30', '2021-05-19'), 
		(869172, 'DO80861', N'Phạm Minh Đức', 'rhfjsfffh', '2004-02-28', '2018-10-12', '2021-05-13'), 
		(871308, 'IZ71935', N'Nguyễn Thị Thảo Nguyên', 'tnguyen321', '1997-11-11', '2018-10-19', '2021-05-15'), 
		(875017, 'NK62134', N'Nguyễn Hải Long', 'ggejrge', '2003-09-08', '2019-01-21', '2021-05-10'), 
		(876514, 'HO78554', N'Dương Thị Thu Phương', 'pasff', '2000-03-18', '2018-01-17', '2021-05-19'), 
		(879022, 'AZ59839', N'Đỗ Văn Trung', 'vndsfion', '1999-07-10', '2018-01-26', '2021-05-02'), 
		(886869, 'NI52418', N'Nguyễn Thành Nam', 'dfnvoisej', '2005-07-07', '2018-04-12', '2021-03-02'), 
		(890129, 'AC47276', N'Samuel Umtiti', 'etyow', '2002-04-30', '2018-06-09', '2021-05-19'), 
		(890932, 'DN76104', N'Lê Thị Hồng Nhung', 'dsafnoie', '1997-02-18', '2018-08-01', '2021-04-05'), 
		(891952, 'HN10816', N'Nguyễn Thị Phương', 'ntp4', '2000-07-04', '2018-12-13', '2021-05-17'), 
		(892384, 'MK32232', N'Phạm Thị Thanh Mai', 'fapsdfo', '1998-07-16', '2016-03-20', '2021-05-15'), 
		(902801, 'ZH38920', N'Nguyễn Thùy Linh', 'linhk123', '2001-03-28', '2016-11-18', '2021-05-05'), 
		(903379, 'MM26514', N'Phạm Tiến Thành', 'dfbprtn', '1998-04-07', '2016-12-24', '2021-04-15'), 
		(906748, 'HE17930', N'Đỗ Đức Hồng Hà', 'amsdof', '1996-02-07', '2017-04-08', '2021-04-02'), 
		(913630, 'MP62818', N'Nguyễn Thị Thu Hoài', 'afdaw4jt', '1999-07-14', '2017-07-19', '2021-05-07'), 
		(918558, 'HO36066', N'Anssumance Fati', 'gnsdbiofn', '2007-01-01', '2017-10-22', '2021-05-11'), 
		(920468, 'QQ91638', N'Vũ Thị Lưu Mai', 'mrmth', '2001-06-26', '2018-02-26', '2021-05-08'), 
		(921894, 'XZ43591', N'Hoàng Trường Giang', 'sgnsenr', '2005-12-18', '2018-03-11', '2021-05-18'), 
		(925946, 'DU81499', N'Nguyễn Thành Đạt', 'sadiofna', '2003-08-29', '2018-07-18', '2021-05-11'), 
		(932344, 'BE35280', N'Hàn Thương Ngôn', 'gunthan', '2001-02-27', '2018-08-12', '2021-05-04'), 
		(932682, 'KO83614', N'Lê Tiến Bằng', 'pangpang01', '1998-11-18', '2016-05-20', '2021-04-28'), 
		(940278, 'YM80657', N'Nguyễn Thanh Long ', 'sheo', '2003-11-25', '2016-11-18', '2021-05-11'), 
		(940639, 'FI11940', N'Nguyễn Trung Thành', 'a4ntpakg', '1999-04-10', '2017-05-08', '2021-05-16'), 
		(946357, 'BD25982', N'Nguyễn Quốc Duyệt', 'bmidrt', '1996-07-23', '2017-07-23', '2021-04-02'), 
		(947629, 'VD94149', N'Nguyễn Quang Minh', 'fnbh5', '2005-02-28', '2017-10-09', '2021-05-17'), 
		(948949, 'NH73149', N'Vinicius Junior', 'jv321123', '1999-08-08', '2017-12-16', '2021-04-08'), 
		(949000, 'HA92621', N'Alvaro Odriozola', 'hrtr3', '1993-01-16', '2018-03-08', '2021-05-19'), 
		(953393, 'BB63592', N'Nguyễn Thanh Long', 'gsdgsfgin', '2003-12-22', '2018-04-28', '2021-05-13'), 
		(960812, 'GR72172', N'Eden Hazard', 'hz1102', '2002-11-05', '2017-12-22', '2021-04-12'), 
		(966054, 'LL43115', N'Alphone Areola', 'aa34z', '1999-12-22', '2017-01-10', '2021-05-15'), 
		(968957, 'LI70508', N'Trần Thế Phong', 'tpp', '1998-09-20', '2017-01-25', '2021-05-19'), 
		(970700, 'TJ13418', N'Ricard Puig', 'awkmfios', '1998-07-23', '2017-05-02', '2021-05-07'), 
		(972676, 'TM10949', N'Ngô Thanh Thủy', 'fnaj4m', '2000-08-17', '2017-05-18', '2021-05-18'), 
		(991462, 'SL40546', N'Phạm Đức Ấn', 'vmomi4d', '1996-02-06', '2017-08-30', '2021-04-01');
-- INSERT BANG CUAHANG
INSERT INTO CUAHANG
	(GOIVP_ID, TAINGUYEN_ID, GOIVP_NAME, SOLUONG, GIATIEN) VALUES
		('VP_01', 'TN_01', N'Mùa ngô bội thu', 50000, 59000), 
		('VP_02', 'TN_01', N'Mùa ngô bội thu', 100000, 89000), 
		('VP_03', 'TN_01', N'Mùa ngô bội thu', 500000, 259000), 
		('VP_04', 'TN_02', N'Bá chủ rừng gỗ', 50000, 59000), 
		('VP_05', 'TN_02', N'Bá chủ rừng gỗ', 100000, 89000), 
		('VP_06', 'TN_02', N'Bá chủ rừng gỗ', 500000, 259000), 
		('VP_07', 'TN_03', N'Vinh hoa phú quý', 10000, 59000), 
		('VP_08', 'TN_03', N'Vinh hoa phú quý', 20000, 89000), 
		('VP_09', 'TN_03', N'Vinh hoa phú quý', 50000, 259000), 
		('VP_10', 'TN_04', N'Đế quốc thịnh vượng', 30, 89000), 
		('VP_11', 'TN_04', N'Đế quốc thịnh vượng', 50, 149000), 
		('VP_12', 'TN_04', N'Đế quốc thịnh vượng', 100, 249000), 
		('VP_13', 'TN_04', N'Đế quốc thịnh vượng', 200, 459000), 
		('VP_14', 'TN_04', N'Thiên hạ trong tầm tay', 400, 899000), 
		('VP_15', 'TN_04', N'Thiên hạ trong tầm tay', 1000, 1499000);
-- INSERT BANG GIAODICH
INSERT INTO GIAODICH
	(GIAODICH_ID, GOIVP_ID, PLAYER_ID, NGAYGD) VALUES
		('GD001', 'VP_12', 277541, '2021-05-09 00:30:47'), 
		('GD002', 'VP_05', 486638, '2020-11-23 12:18:56'), 
		('GD003', 'VP_13', 940639, '2021-01-22 14:55:16'), 
		('GD004', 'VP_09', 405013, '2021-04-01 20:35:08'), 
		('GD005', 'VP_01', 948949, '2020-11-26 10:39:43'), 
		('GD006', 'VP_04', 579046, '2020-12-12 16:21:47'), 
		('GD007', 'VP_03', 199602, '2020-11-05 09:47:27'), 
		('GD008', 'VP_10', 972676, '2021-03-28 23:51:19'), 
		('GD009', 'VP_07', 968957, '2021-03-20 19:28:25'), 
		('GD010', 'VP_06', 826393, '2021-03-01 16:16:51'), 
		('GD011', 'VP_02', 579046, '2021-04-12 07:05:56'), 
		('GD012', 'VP_11', 764212, '2020-11-09 18:47:37'), 
		('GD013', 'VP_08', 346748, '2021-05-09 05:56:59'), 
		('GD014', 'VP_06', 443189, '2021-04-18 22:47:54'), 
		('GD015', 'VP_04', 918558, '2020-12-31 03:25:13'), 
		('GD016', 'VP_08', 920468, '2020-12-29 21:45:48'), 
		('GD017', 'VP_10', 579046, '2021-04-12 17:05:54'), 
		('GD018', 'VP_02', 250623, '2020-12-12 23:45:09'), 
		('GD019', 'VP_07', 288037, '2021-04-16 02:32:09'), 
		('GD020', 'VP_05', 906748, '2021-05-19 06:40:57'), 
		('GD021', 'VP_09', 669871, '2021-04-18 21:44:54'), 
		('GD022', 'VP_11', 123288, '2020-12-08 12:15:23'), 
		('GD023', 'VP_03', 287414, '2021-03-31 07:16:31'), 
		('GD024', 'VP_01', 394185, '2020-12-01 05:33:28'), 
		('GD025', 'VP_13', 890129, '2021-03-25 07:04:20'), 
		('GD026', 'VP_12', 208680, '2021-02-21 07:30:57'), 
		('GD027', 'VP_02', 487917, '2020-11-27 19:37:50'), 
		('GD028', 'VP_01', 467829, '2021-05-17 09:03:53'), 
		('GD029', 'VP_10', 886869, '2021-03-11 08:39:35'), 
		('GD030', 'VP_05', 847391, '2020-11-08 15:22:56'), 
		('GD031', 'VP_04', 135242, '2021-03-12 19:59:52'), 
		('GD032', 'VP_09', 168595, '2021-05-05 17:35:58'), 
		('GD033', 'VP_13', 289250, '2021-05-11 03:04:23'), 
		('GD034', 'VP_11', 715277, '2021-04-20 10:31:25'), 
		('GD035', 'VP_06', 501273, '2021-04-24 00:07:54'), 
		('GD036', 'VP_08', 708963, '2021-05-14 11:51:02'), 
		('GD037', 'VP_07', 693502, '2021-01-26 07:16:00'), 
		('GD038', 'VP_12', 550656, '2021-05-16 21:26:35'), 
		('GD039', 'VP_03', 802764, '2020-11-24 16:57:31'), 
		('GD040', 'VP_13', 892384, '2020-12-30 10:10:42'), 
		('GD041', 'VP_03', 794996, '2021-03-14 16:22:46'), 
		('GD042', 'VP_06', 467186, '2020-12-04 10:41:57'), 
		('GD043', 'VP_10', 110020, '2021-04-28 13:57:43'), 
		('GD044', 'VP_09', 254693, '2021-02-13 12:45:44'), 
		('GD045', 'VP_02', 467329, '2021-05-04 11:42:16'), 
		('GD046', 'VP_11', 125748, '2021-04-16 01:23:03'), 
		('GD047', 'VP_05', 441349, '2021-02-24 07:53:52'), 
		('GD048', 'VP_08', 341000, '2021-02-08 09:00:32'), 
		('GD049', 'VP_02', 953393, '2021-03-03 05:37:15'), 
		('GD050', 'VP_06', 868389, '2021-05-01 13:43:32'), 
		('GD051', 'VP_11', 140152, '2021-04-20 22:09:08'), 
		('GD052', 'VP_04', 890932, '2020-11-28 18:16:02'), 
		('GD053', 'VP_05', 578824, '2021-04-16 01:48:30'), 
		('GD054', 'VP_10', 949000, '2021-02-12 02:34:32'), 
		('GD055', 'VP_08', 450318, '2021-05-01 08:33:30'), 
		('GD056', 'VP_07', 733782, '2021-05-08 05:27:52'), 
		('GD057', 'VP_12', 188181, '2021-04-10 06:03:50'), 
		('GD058', 'VP_13', 190837, '2021-05-08 17:28:45'), 
		('GD059', 'VP_05', 757803, '2020-11-10 07:49:58'), 
		('GD060', 'VP_09', 543875, '2020-12-05 00:21:18'), 
		('GD061', 'VP_02', 676598, '2021-04-19 23:49:52'), 
		('GD062', 'VP_10', 626506, '2020-11-11 18:00:32'), 
		('GD063', 'VP_03', 232360, '2021-04-13 21:11:32'), 
		('GD064', 'VP_12', 862670, '2021-01-21 18:37:33'), 
		('GD065', 'VP_07', 191616, '2020-11-09 11:31:08'), 
		('GD066', 'VP_06', 814636, '2021-04-08 22:03:58'), 
		('GD067', 'VP_01', 258499, '2021-02-02 19:37:42'), 
		('GD068', 'VP_14', 269914, '2021-04-03 02:44:19'), 
		('GD069', 'VP_11', 891952, '2021-05-09 23:44:45'), 
		('GD070', 'VP_08', 723792, '2021-02-14 02:13:47'), 
		('GD071', 'VP_15', 857890, '2021-01-05 13:25:59'), 
		('GD072', 'VP_09', 750340, '2021-01-27 09:41:00'), 
		('GD073', 'VP_04', 243365, '2021-03-12 05:27:28'), 
		('GD074', 'VP_13', 773998, '2021-01-05 11:59:51'), 
		('GD075', 'VP_05', 592418, '2021-04-25 15:48:38'), 
		('GD076', 'VP_11', 768320, '2021-03-16 09:45:49'), 
		('GD077', 'VP_14', 364837, '2020-11-01 05:01:00'), 
		('GD078', 'VP_01', 738653, '2021-04-15 07:09:55'), 
		('GD079', 'VP_15', 932682, '2020-11-20 20:45:30'), 
		('GD080', 'VP_07', 689758, '2021-01-13 22:31:56'), 
		('GD081', 'VP_13', 473847, '2020-11-18 20:56:36'), 
		('GD082', 'VP_12', 392483, '2021-02-08 14:34:11'), 
		('GD083', 'VP_06', 650608, '2021-03-14 03:47:33'), 
		('GD084', 'VP_04', 489087, '2021-02-03 01:35:01'), 
		('GD085', 'VP_10', 784280, '2020-12-13 21:19:00'), 
		('GD086', 'VP_05', 651479, '2021-04-07 10:39:09'), 
		('GD087', 'VP_03', 780585, '2021-03-19 10:28:36'), 
		('GD088', 'VP_09', 117733, '2021-02-05 03:38:49'), 
		('GD089', 'VP_02', 840143, '2020-12-19 20:55:38'), 
		('GD090', 'VP_08', 831847, '2020-12-05 09:54:39');
-- INSERT BANG LIENMINH
INSERT INTO LIENMINH
	(THEGIOI_ID, LIENMINH_ID, LIENMINH_NAME, BOSS_ID, THANHLAP) VALUES
		(1, 'LM_01', 'VietnamVodich', 116100, '2016-01-08'),
		(1, 'LM_02', 'FlashWolves', 117733, '2018-10-01'),
		(1, 'LM_03', 'KTRolster', 180666, '2019-12-12'),
		(1, 'LM_04', 'InvictusGaming', 190837, '2019-11-10'),
		(1, 'LM_05', 'DSEBproVjp', 199602, '2018-12-17'),
		(1, 'LM_06', 'K&KChina', 239034, '2019-12-11'),
		(1, 'LM_07', 'KingzoneDragonX', 254693, '2019-04-10'),
		(1, 'LM_08', 'AfreecaFreecs', 289250, '2018-08-25'),
		(1, 'LM_09', 'G2Esports', 364837, '2019-05-19'),
		(1, 'LM_10', 'Dopa',         413997, '2020-07-09'),
		(1, 'LM_11', 'Raker' , 450318, '2019-04-24'),
		(1, 'LM_12', 'ConRongChauTien', 467329, '2017-03-13'),
		(1, 'LM_13', 'Zicogod', 485823, '2019-02-28'),
		(1, 'LM_14', 'GAMesports', 489087, '2018-04-30'),
		(1, 'LM_15', 'HaNoiKhongVoiDuocDau', 516873, '2019-11-22'),
		(1, 'LM_16', 'ReaLMadrid<3', 579046, '2019-05-25'),
		(1, 'LM_17', 'Chimsedinang', 626506, '2018-05-26'),
		(1, 'LM_18', 'SaigonJokers', 651479, '2019-08-23'),
		(1, 'LM_19', 'EVOSEsports', 675458, '2018-11-22'),
		(1, 'LM_20', 'PhongVuBuffalo', 719356, '2019-11-01'),
		(1, 'LM_21', 'TructiepGame', 738653, '2017-06-15'),
		(1, 'LM_22', 'MixiGaming', 780585, '2019-05-23'),
		(1, 'LM_23', 'NaziPro', 802764, '2019-08-29'),
		(1, 'LM_24', 'Cloud9', 816953, '2017-05-21'),
		(1, 'LM_25', 'canCubuThongming', 831847, '2019-08-09'),
		(1, 'LM_26', 'ProVjp$$$', 862670, '2020-06-16'),
		(1, 'LM_27', 'LionenLMessi', 876514, '2019-01-17'),
		(1, 'LM_28', 'Pewdiepie', 891952, '2019-06-13'),
		(1, 'LM_29', 'NguoiToiCo', 932344, '2018-08-12'),
		(1, 'LM_30', 'PewPew', 960812, '2018-12-22');
--INSERT BANG THANHVIEN
INSERT INTO THANHVIEN
	(LIENMINH_ID, PLAYER_ID, NGAYTGIA) VALUES
		('LM_01', 116100, '2016-01-08'), 
		('LM_01', 110020, '2016-01-09'), 
		('LM_01', 114251, '2016-01-10'), 
		('LM_02', 117733, '2018-10-01'), 
		('LM_02', 123288, '2018-10-02'), 
		('LM_02', 125748, '2018-10-03'), 
		('LM_02', 135242, '2018-10-04'), 
		('LM_02', 144850, '2018-10-05'), 
		('LM_02', 168595, '2018-10-06'), 
		('LM_03', 180666, '2019-12-12'), 
		('LM_03', 177993, '2019-12-13'), 
		('LM_03', 181314, '2019-12-14'), 
		('LM_03', 188181, '2019-12-15'), 
		('LM_04', 190837, '2019-11-10'), 
		('LM_04', 190711, '2019-11-11'), 
		('LM_04', 191616, '2019-11-12'), 
		('LM_05', 199602, '2018-12-17'), 
		('LM_05', 193085, '2018-12-18'), 
		('LM_05', 202339, '2018-12-19'), 
		('LM_05', 215410, '2018-12-20'), 
		('LM_05', 216482, '2018-12-21'), 
		('LM_05', 223315, '2018-12-22'), 
		('LM_05', 229854, '2018-12-23'), 
		('LM_06', 239034, '2019-12-11'), 
		('LM_06', 237965, '2019-12-12'), 
		('LM_06', 241558, '2019-12-13'), 
		('LM_07', 254693, '2019-04-10'), 
		('LM_07', 242851, '2019-04-11'), 
		('LM_07', 243365, '2019-04-12'), 
		('LM_07', 258499, '2019-04-13'), 
		('LM_07', 269914, '2019-04-14'), 
		('LM_07', 277541, '2019-04-15'), 
		('LM_07', 287414, '2019-04-16'), 
		('LM_07', 288037, '2019-04-17'), 
		('LM_08', 289250, '2018-08-25'), 
		('LM_08', 292288, '2018-08-26'), 
		('LM_08', 304484, '2018-08-27'), 
		('LM_08', 313962, '2018-08-28'), 
		('LM_08', 332998, '2018-08-29'), 
		('LM_08', 338521, '2018-08-30'), 
		('LM_08', 341000, '2018-08-31'), 
		('LM_09', 364837, '2019-05-19'), 
		('LM_09', 346748, '2019-05-20'), 
		('LM_09', 348320, '2019-05-21'), 
		('LM_09', 371790, '2019-05-22'), 
		('LM_09', 389438, '2019-05-23'), 
		('LM_09', 392223, '2019-05-24'), 
		('LM_09', 392483, '2019-05-25'), 
		('LM_09', 394761, '2019-05-26'), 
		('LM_10', 413997, '2020-07-09'), 
		('LM_10', 406838, '2020-07-10'), 
		('LM_10', 408519, '2020-07-11'), 
		('LM_10', 411026, '2020-07-12'), 
		('LM_10', 419884, '2020-07-13'), 
		('LM_10', 424438, '2020-07-14'), 
		('LM_10', 437059, '2020-07-15'), 
		('LM_11', 450318, '2019-04-24'), 
		('LM_11', 441349, '2019-04-25'), 
		('LM_11', 450172, '2019-04-26'), 
		('LM_11', 450720, '2019-04-27'), 
		('LM_11', 460937, '2019-04-28'), 
		('LM_12', 467329, '2017-03-13'), 
		('LM_12', 467186, '2017-03-14'), 
		('LM_12', 467829, '2017-03-15'), 
		('LM_12', 472133, '2017-03-16'), 
		('LM_12', 473847, '2017-03-17'), 
		('LM_12', 485191, '2017-03-18'), 
		('LM_13', 485823, '2019-02-28'), 
		('LM_13', 486638, '2019-03-01'), 
		('LM_13', 486789, '2019-03-02'), 
		('LM_14', 487917, '2018-05-01'), 
		('LM_14', 489087, '2018-04-30'), 
		('LM_15', 516873, '2019-11-22'), 
		('LM_15', 496716, '2019-11-23'), 
		('LM_15', 499196, '2019-11-24'), 
		('LM_15', 501273, '2019-11-25'), 
		('LM_15', 523759, '2019-11-26'), 
		('LM_15', 543567, '2019-11-27'), 
		('LM_15', 548835, '2019-11-28'), 
		('LM_15', 559531, '2019-11-29'), 
		('LM_16', 579046, '2019-05-25'), 
		('LM_16', 560495, '2019-05-26'), 
		('LM_16', 565533, '2019-05-27'), 
		('LM_16', 566045, '2019-05-28'), 
		('LM_16', 566155, '2019-05-29'), 
		('LM_16', 574611, '2019-05-30'), 
		('LM_16', 578824, '2019-05-31'), 
		('LM_16', 580458, '2019-06-01'), 
		('LM_16', 586464, '2019-06-02'), 
		('LM_16', 592418, '2019-06-03'), 
		('LM_17', 626506, '2018-05-26'), 
		('LM_17', 595585, '2018-05-27'), 
		('LM_17', 615439, '2018-05-28'), 
		('LM_17', 629748, '2018-05-29'), 
		('LM_17', 645267, '2018-05-30'), 
		('LM_17', 645946, '2018-05-31'), 
		('LM_17', 646315, '2018-06-01'), 
		('LM_17', 648790, '2018-06-02'), 
		('LM_18', 651479, '2019-08-23'), 
		('LM_18', 650608, '2019-08-24'), 
		('LM_18', 664682, '2019-08-25'), 
		('LM_18', 666650, '2019-08-26'), 
		('LM_18', 667013, '2019-08-27'), 
		('LM_18', 669871, '2019-08-28'), 
		('LM_19', 675458, '2018-11-22'), 
		('LM_19', 676598, '2018-11-23'), 
		('LM_19', 684687, '2018-11-24'), 
		('LM_20', 719356, '2019-11-01'), 
		('LM_20', 687192, '2019-11-02'), 
		('LM_20', 687681, '2019-11-03'), 
		('LM_20', 689758, '2019-11-04'), 
		('LM_20', 708963, '2019-11-05'), 
		('LM_20', 715277, '2019-11-06'), 
		('LM_20', 719463, '2019-11-07'), 
		('LM_20', 723792, '2019-11-08'), 
		('LM_21', 738653, '2017-06-15'), 
		('LM_21', 747824, '2017-06-16'), 
		('LM_21', 750340, '2017-06-17'), 
		('LM_21', 764212, '2017-06-18'), 
		('LM_21', 768320, '2017-06-19'), 
		('LM_21', 773998, '2017-06-20'), 
		('LM_22', 780585, '2019-05-23'), 
		('LM_22', 781030, '2019-05-24'), 
		('LM_22', 784280, '2019-05-25'), 
		('LM_22', 784497, '2019-05-26'), 
		('LM_22', 794996, '2019-05-27'), 
		('LM_22', 802017, '2019-05-28'), 
		('LM_23', 802764, '2019-08-29'), 
		('LM_23', 803366, '2019-08-30'), 
		('LM_23', 805495, '2019-08-31'), 
		('LM_23', 811799, '2019-09-01'), 
		('LM_23', 812525, '2019-09-02'), 
		('LM_23', 814636, '2019-09-03'), 
		('LM_23', 815677, '2019-09-04'), 
		('LM_23', 815994, '2019-09-05'), 
		('LM_24', 826393, '2017-05-21'), 
		('LM_24', 819280, '2017-05-22'), 
		('LM_24', 820974, '2017-05-23'), 
		('LM_25', 831847, '2019-08-09'), 
		('LM_25', 836892, '2019-08-10'), 
		('LM_25', 840143, '2019-08-11'), 
		('LM_25', 847391, '2019-08-12'), 
		('LM_25', 853420, '2019-08-13'), 
		('LM_25', 857890, '2019-08-14'), 
		('LM_26', 862670, '2020-06-16'), 
		('LM_26', 875017, '2020-06-19'), 
		('LM_27', 876514, '2019-01-17'), 
		('LM_27', 879022, '2019-01-18'), 
		('LM_27', 886869, '2019-01-19'), 
		('LM_27', 890129, '2019-01-20'), 
		('LM_27', 890932, '2019-01-21'), 
		('LM_28', 891952, '2019-06-13'), 
		('LM_28', 892384, '2019-06-14'), 
		('LM_28', 902801, '2019-06-15'), 
		('LM_28', 903379, '2019-06-16'), 
		('LM_28', 906748, '2019-06-17'), 
		('LM_28', 918558, '2019-06-18'), 
		('LM_28', 920468, '2019-06-19'), 
		('LM_28', 921894, '2019-06-20'), 
		('LM_28', 925946, '2019-06-21'), 
		('LM_29', 932344, '2018-08-12'), 
		('LM_29', 932682, '2018-08-13'), 
		('LM_29', 940278, '2018-08-14'), 
		('LM_29', 946357, '2018-08-15'), 
		('LM_29', 947629, '2018-08-16'), 
		('LM_29', 948949, '2018-08-17'), 
		('LM_29', 949000, '2018-08-18'), 
		('LM_29', 953393, '2018-08-19'), 
		('LM_30', 960812, '2018-12-22'), 
		('LM_30', 966054, '2018-12-23'), 
		('LM_30', 968957, '2018-12-24'), 
		('LM_30', 970700, '2018-12-25'), 
		('LM_30', 972676, '2018-12-26'), 
		('LM_30', 991462, '2018-12-27');
-- INSERT BANG NHIEMVU
INSERT INTO NHIEMVU
	(NHIEMVU_ID, NHIEMVU_NAME, NHIEMVU_ND, NHIEMVU_LEVEL, NGO, VANG, "GO", KN, GEM) VALUES
		('LV101', N'Tích tiểu thành đại', N'Xây ngân khố vương quốc', 1, 250, 0, 250, 400, 0), 
		('LV102', N'Năng nhặt chặt bị', N'Do thám vùng lân cận 1 lần', 1, 250, 0, 250, 400, 0), 
		('LV103', N'Anh hùng thời loạn', N'Xây quán rượu', 1, 100, 100, 50, 400, 0), 
		('LV104', N'Trái tim can đảm', N'Tuyển mộ 20 đơn vị bộ binh', 1, 150, 0, 200, 450, 0), 
		('LV105', N'Tha phương cầu thực', N'Kiếm được 5000 ngô lần đầu tiên', 1, 250, 0, 250, 450, 0), 
		('LV201', N'An cư lập nghiệp', N'Kiếm được 5000 gỗ lần đầu tiên', 2, 250, 0, 250, 450, 0), 
		('LV202', N'Án binh bất động', N'Do thám vùng lân cận 3 lần', 2, 100, 100, 50, 450, 0), 
		('LV302', N'Lời thú tội của tình yêu', N'Tiêu diệt 10 quái vật Sylakens', 3, 300, 200, 50, 450, 0), 
		('LV303', N'Kí ức về tình yêu với người chồng', N'Tìm kiếm 5 mảnh giấy thất lạc', 3, 300, 0, 50, 450, 0), 
		('LV304', N'Kỳ phùng địch thủ', N'Chiến đấu với quái', 3, 300, 0, 250, 450, 0), 
		('LV305', N'Dương đông kích tây', N'Chiếm 1 vùng đất', 3, 350, 0, 200, 500, 10), 
		('LV401', N'Nằm gai nếm mật', N'Chiến đấu với Sư tử ', 4, 400, 0, 200, 500, 0), 
		('LV402', N'Sư tử Hà Đông', N'Chiến đấu với Sư tử 3 lần', 4, 400, 300, 200, 350, 0), 
		('LV501', N'Sống chết có nhau', N'Trong chiến đấu không chết quân nào', 5, 500, 0, 150, 350, 0), 
		('LV502', N'Lá lành đùm lá rách ', N'Vàng trong ngân khố còn lại 0', 5, 500, 200, 250, 350, 0), 
		('LV601', N'Thời thế tạo anh hùng', N'Tuyển mộ 50 đơn vị cung thủ', 6, 550, 0, 50, 350, 0), 
		('LV602', N'Sinh tử thử lòng', N'Trong chiến đấu,  chết 100 đơn vị quân', 6, 550, 0, 300, 500, 0), 
		('LV701', N'Vị anh hùng dân tôc', N'Chiến đấu 100 lần', 7, 550, 400, 300, 500, 0), 
		('LV702', N'Cẩn thận không thừa', N'Chiếm 10000 ngô', 7, 550, 0, 150, 500, 0), 
		('LV801', N'Chí tại bốn phương', N'Chiếm được 4 vùng đất', 8, 550, 0, 250, 500, 10), 
		('LV901', N'Vùng đất trù phú', N'Thu thập 1000 gỗ', 9, 600, 0, 250, 500, 0), 
		('LV1001', N'Thư của thợ rèn', N'Nói chuyện với Trần Kiên (lính gác cổng Nam)', 10, 600, 500, 200, 500, 0), 
		('LV1002', N'Đứa trẻ thất lạc', N'Giết quái vật (Tiểu) Độc Nhãn Quỷ', 10, 600, 0, 250, 750, 0), 
		('LV1101', N'Lời nguyền xa xưa', N'Giết 40 quân man rợ', 11, 600, 0, 250, 750, 0), 
		('LV1102', N'Diệt trừ sư tử đá', N'Giết 40 Thạch Sư/Kim Thạch Sư', 11, 600, 0, 50, 750, 0), 
		('LV1201', N'Đánh đuổi ma bia', N'Đánh bại 10 ma bia', 12, 600, 0, 250, 750, 20), 
		('LV1202', N'Vận chuyển thảo dược', N'Mua 10 loại thảo dược khác nhau', 12, 600, 0, 200, 750, 0), 
		('LV1301', N'Phương thuốc cổ truyền', N'Xây nhà thuốc', 13, 600, 0, 200, 750, 0), 
		('LV1302', N'Săn Thằn Lằn Quỷ ', N'Đánh bại Thằn lằn Quỷ', 13, 600, 500, 100, 1000, 0), 
		('LV1401', N'Phong Linh Xà Thú', N'Đánh bại Phong Linh Xà Thú', 14, 600, 0, 250, 1000, 0), 
		('LV1402', N'Hiềm khích của Lục Châu', N'Mua thảo dược 15 lần', 14, 600, 0, 300, 1000, 0), 
		('LV1501', N'Yêu cầu giúp đỡ của Tôn Huyền', N'Chế biến 10 thuốc chữa thương', 15, 600, 0, 250, 1000, 0), 
		('LV1601', N'Thu thập xúc tu', N'Thu thập 20 xúc tu', 16, 600, 0, 250, 1000, 0), 
		('LV1701', N'Dàn trận chống Xà Lân', N'Đánh bại Xà Lân,  sử dụng ít hơn 100 đơn vị quân', 17, 600, 500, 50, 1000, 20), 
		('LV1801', N'Loại trừ hiểm nguy', N'Đánh bại Xà Lân 5 lần', 18, 600, 0, 250, 1000, 0), 
		('LV1901', N'Yêu cầu của Tiểu Thất', N'Phân phát lọ hồ lô tiểu thất cho thầy thuốc Dương Ích Chí', 19, 600, 0, 200, 1000, 0), 
		('LV2001', N'Liều thuốc độc', N'Chế biến 10 thuốc độc', 20, 650, 0, 250, 1000, 0), 
		('LV2101', N'Nước mắt Xà Linh thú', N'Đánh bại Xà Linh thú,  lấy nước mắt Xà Linh thú', 21, 650, 0, 250, 1500, 0), 
		('LV2201', N'Chuyển Giọt lệ của Bách Hoa Linh Xà Thú', N'Đánh bại Xà Linh thú 5 lần', 22, 650, 550, 300, 1500, 0), 
		('LV2301', N'Truy tìm Bạch Xà', N'Tìm được hang ổ của Bạch xà', 23, 650, 0, 250, 1500, 30), 
		('LV2401', N'Đến Hoa Điền', N'Dẫn quân chiếm được Hoa Điền', 24, 650, 0, 200, 1500, 0), 
		('LV2501', N'Giọt lệ của Linh Xà', N'Chiến đấu với Linh xà,  lấy được nước mắt', 25, 650, 0, 250, 1500, 0), 
		('LV2601', N'Đến Liệm Hỏa Linh ', N'Dẫn quân chiếm được Liệm Hỏa Linh', 26, 650, 0, 250, 2000, 0), 
		('LV2701', N'Máu Bạch Xà', N'Đánh Bạch xà 5 lần', 27, 650, 550, 50, 2000, 0), 
		('LV2801', N'Tán độc', N'Chuyển máu của Bạch Linh Xà cho Tiểu Thất', 28, 650, 0, 250, 2000, 0), 
		('LV2901', N'Công cụ chữa trị vết thương', N'Nghiên cứu được vaccine', 29, 650, 0, 300, 2000, 0), 
		('LV3001', N'Công cụ nghi lễ', N'Xây 10 tượng thần', 30, 650, 0, 250, 2000, 0), 
		('LV3101', N'Vị linh mục bị mất tích', N'Truy tìm linh mục', 31, 700, 0, 250, 2300, 0), 
		('LV3201', N'Tin tức đau lòng', N'Xây 1 nghĩa trang', 32, 700, 550, 100, 2300, 0), 
		('LV3301', N'Sự thật về những tin đồn lạ', N'Xây 2 nghĩa trang', 33, 700, 0, 200, 2300, 40), 
		('LV3401', N'Bông hoa chờ đợi', N'Nuôi trồng được Hoa lan đột biến', 34, 700, 0, 50, 2300, 0), 
		('LV3501', N'Thảo dược bí mật', N'Tìm được Nhân sâm ngàn năm', 35, 700, 0, 250, 2300, 0), 
		('LV3601', N'Phiếu thanh toán thuế của Thương nhân buôn dược liệu', N'Tiêu 1000 vàng để mua dược liệu', 36, 700, 0, 100, 2300, 0), 
		('LV3701', N'Thuốc cho đàn ngựa', N'Sản xuất 100 cao ngựa', 37, 700, 0, 100, 2300, 0), 
		('LV3801', N'Vận chuyển dược liệu cho thương nhân buôn vũ khí', N'Chế tạo 30 nỏ thần', 38, 700, 600, 100, 2300, 0), 
		('LV3901', N'Trở thành một vị thần', N'Chinh phục 100 vùng đất', 39, 700, 0, 250, 2300, 0), 
		('LV4001', N'Sự lừa đảo không thể tha thứ', N'Sử dụng 100 lần thuốc mê', 40, 700, 0, 250, 2500, 0), 
		('LV4101', N'Lọ thuốc nước mùa xuân', N'Chế biến 1000 Rượu anh đào', 41, 750, 0, 200, 2500, 40), 
		('LV4201', N'Lọ thuốc tình yêu', N'Nghiên cứu Xuân dược', 42, 750, 650, 250, 2500, 0), 
		('LV4301', N'Cuốn sách không trở lại', N'Tìm kiếm Sách phép', 43, 750, 0, 100, 2500, 0), 
		('LV4401', N'Tiểu thuyết của người anh hùng', N'Thăm dò địa bàn 1 lần', 44, 750, 0, 250, 2500, 0), 
		('LV4501', N'Lệ phí dịch vụ bổ sung hóa đơn', N'Tiêu 2000 vàng để mua dược liệu', 45, 750, 0, 250, 2500, 0), 
		('LV4601', N'Tích tiểu thành đại', N'Tích được 10000 ngô', 46, 750, 650, 150, 3000, 0), 
		('LV4701', N'Thông báo thuế của thương nhân buôn vũ khí', N'Tiêu 5000 vàng để mua vũ khí', 47, 750, 0, 250, 3000, 50), 
		('LV4801', N'Thông báo thuế của thương nhân buôn tạp hóa', N'Tiêu 5000 vàng để mua hàng tạp hóa', 48, 750, 0, 250, 3000, 0), 
		('LV4802', N'Thông báo thuế của thương nhân buôn dược liệu', N'Tiêu 5000 vàng để mua dược liệu', 48, 750, 0, 200, 3000, 0), 
		('LV4901', N'Thông báo thuế của thương gia', N'Tiêu 20000 vàng', 49, 750, 0, 300, 3000, 0), 
		('LV5001', N'Phản đối con trai ngài Thống đốc', N'Chuyển lời nhắn của Maneto tới Thống đốc Ai Cập', 50, 750, 0, 250, 3000, 50);
-- INSERT BANG THUCHIEN NHIEMVU
INSERT INTO THUCHIEN
	(CITY_ID, NHIEMVU_ID, "STATUS") VALUES
		('BA37322','LV101','DONE'),
		('BA37322','LV102','DONE'),
		('BA37322','LV103','DONE'),
		('BA37322','LV104','DONE'),
		('BA37322','LV105','DONE'),
		('BA37322','LV201','DONE'),
		('BA37322','LV202','DONE'),
		('BA37322','LV302','DONE'),
		('BA37322','LV303','DONE'),
		('BA37322','LV304','DONE'),
		('BA37322','LV305','DONE'),
		('BA37322','LV401','DONE'),
		('BA37322','LV402','DONE'),
		('BA37322','LV501','DONE'),
		('BA37322','LV502','DONE'),
		('BA37322','LV601','DONE'),
		('BA37322','LV602','DONE'),
		('BA37322','LV701','DONE'),
		('BA37322','LV702','DONE'),
		('BA37322','LV801','DONE'),
		('BA37322','LV901','DONE'),
		('BA37322','LV1001','DONE'),
		('BA37322','LV1002','DONE'),
		('BA37322','LV1101','DONE'),
		('BA37322','LV1102','DONE'),
		('BA37322','LV1201','DONE'),
		('BA37322','LV1202','DONE'),
		('BA37322','LV1301','DONE'),
		('BA37322','LV1302','DONE'),
		('BA37322','LV1401','DONE'),
		('BA37322','LV1402','DONE'),
		('BA37322','LV1501','DONE'),
		('BA37322','LV1601','DONE'),
		('BA37322','LV1701','DONE'),
		('BA37322','LV1801','DONE'),
		('BA37322','LV1901','DONE'),
		('BA37322','LV2001','DONE'),
		('BA37322','LV2101','DONE'),
		('BA37322','LV2201','DONE'),
		('BA37322','LV2301','DONE'),
		('BA37322','LV2401','DONE'),
		('BA37322','LV2501','DONE'),
		('BA37322','LV2601','DONE'),
		('BA37322','LV2701','DONE'),
		('BA37322','LV2801','DONE'),
		('BA37322','LV2901','DONE'),
		('BA37322','LV3001','DONE'),
		('BA37322','LV3101','DONE'),
		('BA37322','LV3201','DONE'),
		('BA37322','LV3301','DONE'),
		('BA37322','LV3401','DONE'),
		('BA37322','LV3501','DONE'),
		('BA37322','LV3601','DONE'),
		('BA37322','LV3701','DONE'),
		('BA37322','LV3801','DONE'),
		('BA37322','LV3901','DONE'),
		('BA37322','LV4001','DONE'),
		('BA37322','LV4101','DONE'),
		('BA37322','LV4201','DONE'),
		('BA37322','LV4301','DONE'),
		('BA37322','LV4401','DONE'),
		('BA37322','LV4501','DONE'),
		('BA37322','LV4601','DONE'),
		('BA37322','LV4701','DONE'),
		('BA37322','LV4801','DONE'),
		('BA37322','LV4802','DONE'),
		('BA37322','LV4901','DONE'),
		('BA37322','LV5001','PROCESSING'),
		('TU39156','LV101','DONE'),
		('TU39156','LV102','DONE'),
		('TU39156','LV103','DONE'),
		('TU39156','LV104','DONE'),
		('TU39156','LV105','DONE'),
		('TU39156','LV201','DONE'),
		('TU39156','LV202','DONE'),
		('TU39156','LV302','DONE'),
		('TU39156','LV303','DONE'),
		('TU39156','LV304','DONE'),
		('TU39156','LV305','DONE'),
		('TU39156','LV401','DONE'),
		('TU39156','LV402','DONE'),
		('TU39156','LV501','DONE'),
		('TU39156','LV502','DONE'),
		('TU39156','LV601','DONE'),
		('TU39156','LV602','DONE'),
		('TU39156','LV701','DONE'),
		('TU39156','LV702','DONE'),
		('TU39156','LV801','DONE'),
		('TU39156','LV901','DONE'),
		('TU39156','LV1001','DONE'),
		('TU39156','LV1002','DONE'),
		('TU39156','LV1101','DONE'),
		('TU39156','LV1102','DONE'),
		('TU39156','LV1201','DONE'),
		('TU39156','LV1202','DONE'),
		('TU39156','LV1301','DONE'),
		('TU39156','LV1302','DONE'),
		('TU39156','LV1401','DONE'),
		('TU39156','LV1402','DONE'),
		('TU39156','LV1501','DONE'),
		('TU39156','LV1601','DONE'),
		('TU39156','LV1701','DONE'),
		('TU39156','LV1801','DONE'),
		('TU39156','LV1901','DONE'),
		('TU39156','LV2001','DONE'),
		('TU39156','LV2101','DONE'),
		('TU39156','LV2201','DONE'),
		('TU39156','LV2301','DONE'),
		('TU39156','LV2401','DONE'),
		('TU39156','LV2501','DONE'),
		('TU39156','LV2601','DONE'),
		('TU39156','LV2701','DONE'),
		('TU39156','LV2801','DONE'),
		('TU39156','LV2901','DONE'),
		('TU39156','LV3001','DONE'),
		('TU39156','LV3101','DONE'),
		('TU39156','LV3201','DONE'),
		('TU39156','LV3301','DONE'),
		('TU39156','LV3401','DONE'),
		('TU39156','LV3501','DONE'),
		('TU39156','LV3601','DONE'),
		('TU39156','LV3701','DONE'),
		('TU39156','LV3801','DONE'),
		('TU39156','LV3901','DONE'),
		('TU39156','LV4001','DONE'),
		('TU39156','LV4101','DONE'),
		('TU39156','LV4201','DONE'),
		('TU39156','LV4301','DONE'),
		('TU39156','LV4401','DONE'),
		('TU39156','LV4501','DONE'),
		('TU39156','LV4601','DONE'),
		('TU39156','LV4701','DONE'),
		('TU39156','LV4801','PROCESSING'),
		('TU39156','LV4802','PROCESSING'),
		('TU39156','LV4901','PROCESSING'),
		('SL40546','LV101','DONE'),
		('SL40546','LV102','DONE'),
		('SL40546','LV103','DONE'),
		('SL40546','LV104','DONE'),
		('SL40546','LV105','DONE'),
		('SL40546','LV201','DONE'),
		('SL40546','LV202','DONE'),
		('SL40546','LV302','DONE'),
		('SL40546','LV303','DONE'),
		('SL40546','LV304','DONE'),
		('SL40546','LV305','DONE'),
		('SL40546','LV401','DONE'),
		('SL40546','LV402','DONE'),
		('SL40546','LV501','DONE'),
		('SL40546','LV502','DONE'),
		('SL40546','LV601','DONE'),
		('SL40546','LV602','DONE'),
		('SL40546','LV701','DONE'),
		('SL40546','LV702','DONE'),
		('SL40546','LV801','DONE'),
		('SL40546','LV901','DONE'),
		('SL40546','LV1001','DONE'),
		('SL40546','LV1002','DONE'),
		('SL40546','LV1101','DONE'),
		('SL40546','LV1102','DONE'),
		('SL40546','LV1201','DONE'),
		('SL40546','LV1202','DONE'),
		('SL40546','LV1301','DONE'),
		('SL40546','LV1302','DONE'),
		('SL40546','LV1401','DONE'),
		('SL40546','LV1402','DONE'),
		('SL40546','LV1501','DONE'),
		('SL40546','LV1601','DONE'),
		('SL40546','LV1701','DONE'),
		('SL40546','LV1801','DONE'),
		('SL40546','LV1901','DONE'),
		('SL40546','LV2001','DONE'),
		('SL40546','LV2101','DONE'),
		('SL40546','LV2201','DONE'),
		('SL40546','LV2301','DONE'),
		('SL40546','LV2401','DONE'),
		('SL40546','LV2501','DONE'),
		('SL40546','LV2601','DONE'),
		('SL40546','LV2701','DONE'),
		('SL40546','LV2801','DONE'),
		('SL40546','LV2901','DONE'),
		('SL40546','LV3001','DONE'),
		('SL40546','LV3101','DONE'),
		('SL40546','LV3201','DONE'),
		('SL40546','LV3301','DONE'),
		('SL40546','LV3401','DONE'),
		('SL40546','LV3501','DONE'),
		('SL40546','LV3601','DONE'),
		('SL40546','LV3701','DONE'),
		('SL40546','LV3801','DONE'),
		('SL40546','LV3901','DONE'),
		('SL40546','LV4001','DONE'),
		('SL40546','LV4101','DONE'),
		('SL40546','LV4201','DONE'),
		('SL40546','LV4301','DONE'),
		('SL40546','LV4401','DONE'),
		('SL40546','LV4501','DONE'),
		('SL40546','LV4601','DONE'),
		('SL40546','LV4701','DONE'),
		('SL40546','LV4801','PROCESSING'),
		('SL40546','LV4802','PROCESSING'),
		('KD76953','LV101','DONE'),
		('KD76953','LV102','DONE'),
		('KD76953','LV103','DONE'),
		('KD76953','LV104','DONE'),
		('KD76953','LV105','DONE'),
		('KD76953','LV201','DONE'),
		('KD76953','LV202','DONE'),
		('KD76953','LV302','DONE'),
		('KD76953','LV303','DONE'),
		('KD76953','LV304','DONE'),
		('KD76953','LV305','DONE'),
		('KD76953','LV401','DONE'),
		('KD76953','LV402','DONE'),
		('KD76953','LV501','DONE'),
		('KD76953','LV502','DONE'),
		('KD76953','LV601','DONE'),
		('KD76953','LV602','DONE'),
		('KD76953','LV701','DONE'),
		('KD76953','LV702','DONE'),
		('KD76953','LV801','DONE'),
		('KD76953','LV901','DONE'),
		('KD76953','LV1001','DONE'),
		('KD76953','LV1002','DONE'),
		('KD76953','LV1101','DONE'),
		('KD76953','LV1102','DONE'),
		('KD76953','LV1201','DONE'),
		('KD76953','LV1202','DONE'),
		('KD76953','LV1301','DONE'),
		('KD76953','LV1302','DONE'),
		('KD76953','LV1401','DONE'),
		('KD76953','LV1402','DONE'),
		('KD76953','LV1501','DONE'),
		('KD76953','LV1601','DONE'),
		('KD76953','LV1701','DONE'),
		('KD76953','LV1801','DONE'),
		('KD76953','LV1901','DONE'),
		('KD76953','LV2001','DONE'),
		('KD76953','LV2101','DONE'),
		('KD76953','LV2201','DONE'),
		('KD76953','LV2301','DONE'),
		('KD76953','LV2401','DONE'),
		('KD76953','LV2501','DONE'),
		('KD76953','LV2601','DONE'),
		('KD76953','LV2701','DONE'),
		('KD76953','LV2801','DONE'),
		('KD76953','LV2901','DONE'),
		('KD76953','LV3001','DONE'),
		('KD76953','LV3101','DONE'),
		('KD76953','LV3201','DONE'),
		('KD76953','LV3301','DONE'),
		('KD76953','LV3401','DONE'),
		('KD76953','LV3501','DONE'),
		('KD76953','LV3601','DONE'),
		('KD76953','LV3701','DONE'),
		('KD76953','LV3801','DONE'),
		('KD76953','LV3901','DONE'),
		('KD76953','LV4001','DONE'),
		('KD76953','LV4101','DONE'),
		('KD76953','LV4201','DONE'),
		('KD76953','LV4301','DONE'),
		('KD76953','LV4401','DONE'),
		('KD76953','LV4501','DONE'),
		('KD76953','LV4601','DONE'),
		('KD76953','LV4701','PROCESSING'),
		('MI96803','LV101','DONE'),
		('MI96803','LV102','DONE'),
		('MI96803','LV103','DONE'),
		('MI96803','LV104','DONE'),
		('MI96803','LV105','DONE'),
		('MI96803','LV201','DONE'),
		('MI96803','LV202','DONE'),
		('MI96803','LV302','DONE'),
		('MI96803','LV303','DONE'),
		('MI96803','LV304','DONE'),
		('MI96803','LV305','DONE'),
		('MI96803','LV401','DONE'),
		('MI96803','LV402','DONE'),
		('MI96803','LV501','DONE'),
		('MI96803','LV502','DONE'),
		('MI96803','LV601','DONE'),
		('MI96803','LV602','DONE'),
		('MI96803','LV701','DONE'),
		('MI96803','LV702','DONE'),
		('MI96803','LV801','DONE'),
		('MI96803','LV901','DONE'),
		('MI96803','LV1001','DONE'),
		('MI96803','LV1002','DONE'),
		('MI96803','LV1101','DONE'),
		('MI96803','LV1102','DONE'),
		('MI96803','LV1201','DONE'),
		('MI96803','LV1202','DONE'),
		('MI96803','LV1301','DONE'),
		('MI96803','LV1302','DONE'),
		('MI96803','LV1401','DONE'),
		('MI96803','LV1402','DONE'),
		('MI96803','LV1501','DONE'),
		('MI96803','LV1601','DONE'),
		('MI96803','LV1701','DONE'),
		('MI96803','LV1801','DONE'),
		('MI96803','LV1901','DONE'),
		('MI96803','LV2001','DONE'),
		('MI96803','LV2101','DONE'),
		('MI96803','LV2201','DONE'),
		('MI96803','LV2301','DONE'),
		('MI96803','LV2401','DONE'),
		('MI96803','LV2501','DONE'),
		('MI96803','LV2601','DONE'),
		('MI96803','LV2701','DONE'),
		('MI96803','LV2801','DONE'),
		('MI96803','LV2901','DONE'),
		('MI96803','LV3001','DONE'),
		('MI96803','LV3101','DONE'),
		('MI96803','LV3201','DONE'),
		('MI96803','LV3301','DONE'),
		('MI96803','LV3401','DONE'),
		('MI96803','LV3501','DONE'),
		('MI96803','LV3601','DONE'),
		('MI96803','LV3701','DONE'),
		('MI96803','LV3801','DONE'),
		('MI96803','LV3901','DONE'),
		('MI96803','LV4001','DONE'),
		('MI96803','LV4101','DONE'),
		('MI96803','LV4201','DONE'),
		('MI96803','LV4301','DONE'),
		('MI96803','LV4401','DONE'),
		('MI96803','LV4501','DONE'),
		('MI96803','LV4601','DONE'),
		('NI52418','LV101','DONE'),
		('NI52418','LV102','DONE'),
		('NI52418','LV103','DONE'),
		('NI52418','LV104','DONE'),
		('NI52418','LV105','DONE'),
		('NI52418','LV201','DONE'),
		('NI52418','LV202','DONE'),
		('NI52418','LV302','DONE'),
		('NI52418','LV303','DONE'),
		('NI52418','LV304','DONE'),
		('NI52418','LV305','DONE'),
		('NI52418','LV401','DONE'),
		('NI52418','LV402','DONE'),
		('NI52418','LV501','DONE'),
		('NI52418','LV502','DONE'),
		('NI52418','LV601','DONE'),
		('NI52418','LV602','DONE'),
		('NI52418','LV701','DONE'),
		('NI52418','LV702','DONE'),
		('NI52418','LV801','DONE'),
		('NI52418','LV901','DONE'),
		('NI52418','LV1001','DONE'),
		('NI52418','LV1002','DONE'),
		('NI52418','LV1101','DONE'),
		('NI52418','LV1102','DONE'),
		('NI52418','LV1201','DONE'),
		('NI52418','LV1202','DONE'),
		('NI52418','LV1301','DONE'),
		('NI52418','LV1302','DONE'),
		('NI52418','LV1401','DONE'),
		('NI52418','LV1402','DONE'),
		('NI52418','LV1501','DONE'),
		('NI52418','LV1601','DONE'),
		('NI52418','LV1701','DONE'),
		('NI52418','LV1801','DONE'),
		('NI52418','LV1901','DONE'),
		('NI52418','LV2001','DONE'),
		('NI52418','LV2101','DONE'),
		('NI52418','LV2201','DONE'),
		('NI52418','LV2301','DONE'),
		('NI52418','LV2401','DONE'),
		('NI52418','LV2501','DONE'),
		('NI52418','LV2601','DONE'),
		('NI52418','LV2701','DONE'),
		('NI52418','LV2801','DONE'),
		('NI52418','LV2901','DONE'),
		('NI52418','LV3001','DONE'),
		('NI52418','LV3101','DONE'),
		('NI52418','LV3201','DONE'),
		('NI52418','LV3301','DONE'),
		('NI52418','LV3401','DONE'),
		('NI52418','LV3501','DONE'),
		('NI52418','LV3601','DONE'),
		('NI52418','LV3701','DONE'),
		('NI52418','LV3801','DONE'),
		('NI52418','LV3901','DONE'),
		('NI52418','LV4001','DONE'),
		('NI52418','LV4101','DONE'),
		('NI52418','LV4201','DONE'),
		('NI52418','LV4301','DONE'),
		('NI52418','LV4401','PROCESSING'),
		('NI52418','LV4501','PROCESSING'),
		('QU86536','LV101','DONE'),
		('QU86536','LV102','DONE'),
		('QU86536','LV103','DONE'),
		('QU86536','LV104','DONE'),
		('QU86536','LV105','DONE'),
		('QU86536','LV201','DONE'),
		('QU86536','LV202','DONE'),
		('QU86536','LV302','DONE'),
		('QU86536','LV303','DONE'),
		('QU86536','LV304','DONE'),
		('QU86536','LV305','DONE'),
		('QU86536','LV401','DONE'),
		('QU86536','LV402','DONE'),
		('QU86536','LV501','DONE'),
		('QU86536','LV502','DONE'),
		('QU86536','LV601','DONE'),
		('QU86536','LV602','DONE'),
		('QU86536','LV701','DONE'),
		('QU86536','LV702','DONE'),
		('QU86536','LV801','DONE'),
		('QU86536','LV901','DONE'),
		('QU86536','LV1001','DONE'),
		('QU86536','LV1002','DONE'),
		('QU86536','LV1101','DONE'),
		('QU86536','LV1102','DONE'),
		('QU86536','LV1201','DONE'),
		('QU86536','LV1202','DONE'),
		('QU86536','LV1301','DONE'),
		('QU86536','LV1302','DONE'),
		('QU86536','LV1401','DONE'),
		('QU86536','LV1402','DONE'),
		('QU86536','LV1501','DONE'),
		('QU86536','LV1601','DONE'),
		('QU86536','LV1701','DONE'),
		('QU86536','LV1801','DONE'),
		('QU86536','LV1901','DONE'),
		('QU86536','LV2001','DONE'),
		('QU86536','LV2101','DONE'),
		('QU86536','LV2201','DONE'),
		('QU86536','LV2301','DONE'),
		('QU86536','LV2401','DONE'),
		('QU86536','LV2501','DONE'),
		('QU86536','LV2601','DONE'),
		('QU86536','LV2701','DONE'),
		('QU86536','LV2801','DONE'),
		('QU86536','LV2901','DONE'),
		('QU86536','LV3001','DONE'),
		('QU86536','LV3101','DONE'),
		('QU86536','LV3201','DONE'),
		('QU86536','LV3301','DONE'),
		('QU86536','LV3401','DONE'),
		('QU86536','LV3501','DONE'),
		('QU86536','LV3601','DONE'),
		('QU86536','LV3701','DONE'),
		('QU86536','LV3801','DONE'),
		('QU86536','LV3901','DONE'),
		('QU86536','LV4001','DONE'),
		('QU86536','LV4101','DONE'),
		('QU86536','LV4201','PROCESSING'),
		('QU86536','LV4301','PROCESSING'),
		('QU86536','LV4401','PROCESSING'),
		('XA35448','LV101','DONE'),
		('XA35448','LV102','DONE'),
		('XA35448','LV103','DONE'),
		('XA35448','LV104','DONE'),
		('XA35448','LV105','DONE'),
		('XA35448','LV201','DONE'),
		('XA35448','LV202','DONE'),
		('XA35448','LV302','DONE'),
		('XA35448','LV303','DONE'),
		('XA35448','LV304','DONE'),
		('XA35448','LV305','DONE'),
		('XA35448','LV401','DONE'),
		('XA35448','LV402','DONE'),
		('XA35448','LV501','DONE'),
		('XA35448','LV502','DONE'),
		('XA35448','LV601','DONE'),
		('XA35448','LV602','DONE'),
		('XA35448','LV701','DONE'),
		('XA35448','LV702','DONE'),
		('XA35448','LV801','DONE'),
		('XA35448','LV901','DONE'),
		('XA35448','LV1001','DONE'),
		('XA35448','LV1002','DONE'),
		('XA35448','LV1101','DONE'),
		('XA35448','LV1102','DONE'),
		('XA35448','LV1201','DONE'),
		('XA35448','LV1202','DONE'),
		('XA35448','LV1301','DONE'),
		('XA35448','LV1302','DONE'),
		('XA35448','LV1401','DONE'),
		('XA35448','LV1402','DONE'),
		('XA35448','LV1501','DONE'),
		('XA35448','LV1601','DONE'),
		('XA35448','LV1701','DONE'),
		('XA35448','LV1801','DONE'),
		('XA35448','LV1901','DONE'),
		('XA35448','LV2001','DONE'),
		('XA35448','LV2101','DONE'),
		('XA35448','LV2201','DONE'),
		('XA35448','LV2301','DONE'),
		('XA35448','LV2401','DONE'),
		('XA35448','LV2501','DONE'),
		('XA35448','LV2601','DONE'),
		('XA35448','LV2701','DONE'),
		('XA35448','LV2801','DONE'),
		('XA35448','LV2901','DONE'),
		('XA35448','LV3001','DONE'),
		('XA35448','LV3101','DONE'),
		('XA35448','LV3201','DONE'),
		('XA35448','LV3301','DONE'),
		('XA35448','LV3401','DONE'),
		('XA35448','LV3501','DONE'),
		('XA35448','LV3601','DONE'),
		('XA35448','LV3701','DONE'),
		('XA35448','LV3801','DONE'),
		('XA35448','LV3901','DONE'),
		('XA35448','LV4001','DONE'),
		('XA35448','LV4101','DONE'),
		('XA35448','LV4201','DONE'),
		('XA35448','LV4301','PROCESSING'),
		('BD25982','LV101','DONE'),
		('BD25982','LV102','DONE'),
		('BD25982','LV103','DONE'),
		('BD25982','LV104','DONE'),
		('BD25982','LV105','DONE'),
		('BD25982','LV201','DONE'),
		('BD25982','LV202','DONE'),
		('BD25982','LV302','DONE'),
		('BD25982','LV303','DONE'),
		('BD25982','LV304','DONE'),
		('BD25982','LV305','DONE'),
		('BD25982','LV401','DONE'),
		('BD25982','LV402','DONE'),
		('BD25982','LV501','DONE'),
		('BD25982','LV502','DONE'),
		('BD25982','LV601','DONE'),
		('BD25982','LV602','DONE'),
		('BD25982','LV701','DONE'),
		('BD25982','LV702','DONE'),
		('BD25982','LV801','DONE'),
		('BD25982','LV901','DONE'),
		('BD25982','LV1001','DONE'),
		('BD25982','LV1002','DONE'),
		('BD25982','LV1101','DONE'),
		('BD25982','LV1102','DONE'),
		('BD25982','LV1201','DONE'),
		('BD25982','LV1202','DONE'),
		('BD25982','LV1301','DONE'),
		('BD25982','LV1302','DONE'),
		('BD25982','LV1401','DONE'),
		('BD25982','LV1402','DONE'),
		('BD25982','LV1501','DONE'),
		('BD25982','LV1601','DONE'),
		('BD25982','LV1701','DONE'),
		('BD25982','LV1801','DONE'),
		('BD25982','LV1901','DONE'),
		('BD25982','LV2001','DONE'),
		('BD25982','LV2101','DONE'),
		('BD25982','LV2201','DONE'),
		('BD25982','LV2301','DONE'),
		('BD25982','LV2401','DONE'),
		('BD25982','LV2501','DONE'),
		('BD25982','LV2601','DONE'),
		('BD25982','LV2701','DONE'),
		('BD25982','LV2801','DONE'),
		('BD25982','LV2901','DONE'),
		('BD25982','LV3001','DONE'),
		('BD25982','LV3101','DONE'),
		('BD25982','LV3201','DONE'),
		('BD25982','LV3301','DONE'),
		('BD25982','LV3401','DONE'),
		('BD25982','LV3501','DONE'),
		('BD25982','LV3601','DONE'),
		('BD25982','LV3701','DONE'),
		('BD25982','LV3801','DONE'),
		('BD25982','LV3901','DONE'),
		('BD25982','LV4001','DONE'),
		('BD25982','LV4101','PROCESSING'),
		('BD25982','LV4201','PROCESSING'),
		('SC57157','LV101','DONE'),
		('SC57157','LV102','DONE'),
		('SC57157','LV103','DONE'),
		('SC57157','LV104','DONE'),
		('SC57157','LV105','DONE'),
		('SC57157','LV201','DONE'),
		('SC57157','LV202','DONE'),
		('SC57157','LV302','DONE'),
		('SC57157','LV303','DONE'),
		('SC57157','LV304','DONE'),
		('SC57157','LV305','DONE'),
		('SC57157','LV401','DONE'),
		('SC57157','LV402','DONE'),
		('SC57157','LV501','DONE'),
		('SC57157','LV502','DONE'),
		('SC57157','LV601','DONE'),
		('SC57157','LV602','DONE'),
		('SC57157','LV701','DONE'),
		('SC57157','LV702','DONE'),
		('SC57157','LV801','DONE'),
		('SC57157','LV901','DONE'),
		('SC57157','LV1001','DONE'),
		('SC57157','LV1002','DONE'),
		('SC57157','LV1101','DONE'),
		('SC57157','LV1102','DONE'),
		('SC57157','LV1201','DONE'),
		('SC57157','LV1202','DONE'),
		('SC57157','LV1301','DONE'),
		('SC57157','LV1302','DONE'),
		('SC57157','LV1401','DONE'),
		('SC57157','LV1402','DONE'),
		('SC57157','LV1501','DONE'),
		('SC57157','LV1601','DONE'),
		('SC57157','LV1701','DONE'),
		('SC57157','LV1801','DONE'),
		('SC57157','LV1901','DONE'),
		('SC57157','LV2001','DONE'),
		('SC57157','LV2101','DONE'),
		('SC57157','LV2201','DONE'),
		('SC57157','LV2301','DONE'),
		('SC57157','LV2401','DONE'),
		('SC57157','LV2501','DONE'),
		('SC57157','LV2601','DONE'),
		('SC57157','LV2701','DONE'),
		('SC57157','LV2801','DONE'),
		('SC57157','LV2901','DONE'),
		('SC57157','LV3001','DONE'),
		('SC57157','LV3101','DONE'),
		('SC57157','LV3201','DONE'),
		('SC57157','LV3301','DONE'),
		('SC57157','LV3401','DONE'),
		('SC57157','LV3501','DONE'),
		('SC57157','LV3601','DONE'),
		('SC57157','LV3701','DONE'),
		('SC57157','LV3801','DONE'),
		('SC57157','LV3901','DONE'),
		('SC57157','LV4001','PROCESSING'),
		('SC57157','LV4101','PROCESSING'),
		('JO34775','LV101','DONE'),
		('JO34775','LV102','DONE'),
		('JO34775','LV103','DONE'),
		('JO34775','LV104','DONE'),
		('JO34775','LV105','DONE'),
		('JO34775','LV201','DONE'),
		('JO34775','LV202','DONE'),
		('JO34775','LV302','DONE'),
		('JO34775','LV303','DONE'),
		('JO34775','LV304','DONE'),
		('JO34775','LV305','DONE'),
		('JO34775','LV401','DONE'),
		('JO34775','LV402','DONE'),
		('JO34775','LV501','DONE'),
		('JO34775','LV502','DONE'),
		('JO34775','LV601','DONE'),
		('JO34775','LV602','DONE'),
		('JO34775','LV701','DONE'),
		('JO34775','LV702','DONE'),
		('JO34775','LV801','DONE'),
		('JO34775','LV901','DONE'),
		('JO34775','LV1001','DONE'),
		('JO34775','LV1002','DONE'),
		('JO34775','LV1101','DONE'),
		('JO34775','LV1102','DONE'),
		('JO34775','LV1201','DONE'),
		('JO34775','LV1202','DONE'),
		('JO34775','LV1301','DONE'),
		('JO34775','LV1302','DONE'),
		('JO34775','LV1401','DONE'),
		('JO34775','LV1402','DONE'),
		('JO34775','LV1501','DONE'),
		('JO34775','LV1601','DONE'),
		('JO34775','LV1701','DONE'),
		('JO34775','LV1801','DONE'),
		('JO34775','LV1901','DONE'),
		('JO34775','LV2001','DONE'),
		('JO34775','LV2101','DONE'),
		('JO34775','LV2201','DONE'),
		('JO34775','LV2301','DONE'),
		('JO34775','LV2401','DONE'),
		('JO34775','LV2501','DONE'),
		('JO34775','LV2601','DONE'),
		('JO34775','LV2701','DONE'),
		('JO34775','LV2801','DONE'),
		('JO34775','LV2901','DONE'),
		('JO34775','LV3001','DONE'),
		('JO34775','LV3101','DONE'),
		('JO34775','LV3201','DONE'),
		('JO34775','LV3301','DONE'),
		('JO34775','LV3401','DONE'),
		('JO34775','LV3501','DONE'),
		('JO34775','LV3601','DONE'),
		('JO34775','LV3701','DONE'),
		('JO34775','LV3801','PROCESSING'),
		('JO34775','LV3901','PROCESSING'),
		('JO34775','LV4001','PROCESSING'),
		('HA92621','LV101','DONE'),
		('HA92621','LV102','DONE'),
		('HA92621','LV103','DONE'),
		('HA92621','LV104','DONE'),
		('HA92621','LV105','DONE'),
		('HA92621','LV201','DONE'),
		('HA92621','LV202','DONE'),
		('HA92621','LV302','DONE'),
		('HA92621','LV303','DONE'),
		('HA92621','LV304','DONE'),
		('HA92621','LV305','DONE'),
		('HA92621','LV401','DONE'),
		('HA92621','LV402','DONE'),
		('HA92621','LV501','DONE'),
		('HA92621','LV502','DONE'),
		('HA92621','LV601','DONE'),
		('HA92621','LV602','DONE'),
		('HA92621','LV701','DONE'),
		('HA92621','LV702','DONE'),
		('HA92621','LV801','DONE'),
		('HA92621','LV901','DONE'),
		('HA92621','LV1001','DONE'),
		('HA92621','LV1002','DONE'),
		('HA92621','LV1101','DONE'),
		('HA92621','LV1102','DONE'),
		('HA92621','LV1201','DONE'),
		('HA92621','LV1202','DONE'),
		('HA92621','LV1301','DONE'),
		('HA92621','LV1302','DONE'),
		('HA92621','LV1401','DONE'),
		('HA92621','LV1402','DONE'),
		('HA92621','LV1501','DONE'),
		('HA92621','LV1601','DONE'),
		('HA92621','LV1701','DONE'),
		('HA92621','LV1801','DONE'),
		('HA92621','LV1901','DONE'),
		('HA92621','LV2001','DONE'),
		('HA92621','LV2101','DONE'),
		('HA92621','LV2201','DONE'),
		('HA92621','LV2301','DONE'),
		('HA92621','LV2401','DONE'),
		('HA92621','LV2501','DONE'),
		('HA92621','LV2601','DONE'),
		('HA92621','LV2701','DONE'),
		('HA92621','LV2801','DONE'),
		('HA92621','LV2901','DONE'),
		('HA92621','LV3001','DONE'),
		('HA92621','LV3101','DONE'),
		('HA92621','LV3201','DONE'),
		('HA92621','LV3301','DONE'),
		('HA92621','LV3401','DONE'),
		('HA92621','LV3501','DONE'),
		('HA92621','LV3601','DONE'),
		('HA92621','LV3701','PROCESSING'),
		('HA92621','LV3801','PROCESSING'),
		('HA92621','LV3901','PROCESSING'),
		('ZH38920','LV101','DONE'),
		('ZH38920','LV102','DONE'),
		('ZH38920','LV103','DONE'),
		('ZH38920','LV104','DONE'),
		('ZH38920','LV105','DONE'),
		('ZH38920','LV201','DONE'),
		('ZH38920','LV202','DONE'),
		('ZH38920','LV302','DONE'),
		('ZH38920','LV303','DONE'),
		('ZH38920','LV304','DONE'),
		('ZH38920','LV305','DONE'),
		('ZH38920','LV401','DONE'),
		('ZH38920','LV402','DONE'),
		('ZH38920','LV501','DONE'),
		('ZH38920','LV502','DONE'),
		('ZH38920','LV601','DONE'),
		('ZH38920','LV602','DONE'),
		('ZH38920','LV701','DONE'),
		('ZH38920','LV702','DONE'),
		('ZH38920','LV801','DONE'),
		('ZH38920','LV901','DONE'),
		('ZH38920','LV1001','DONE'),
		('ZH38920','LV1002','DONE'),
		('ZH38920','LV1101','DONE'),
		('ZH38920','LV1102','DONE'),
		('ZH38920','LV1201','DONE'),
		('ZH38920','LV1202','DONE'),
		('ZH38920','LV1301','DONE'),
		('ZH38920','LV1302','DONE'),
		('ZH38920','LV1401','DONE'),
		('ZH38920','LV1402','DONE'),
		('ZH38920','LV1501','DONE'),
		('ZH38920','LV1601','DONE'),
		('ZH38920','LV1701','DONE'),
		('ZH38920','LV1801','DONE'),
		('ZH38920','LV1901','DONE'),
		('ZH38920','LV2001','DONE'),
		('ZH38920','LV2101','DONE'),
		('ZH38920','LV2201','DONE'),
		('ZH38920','LV2301','DONE'),
		('ZH38920','LV2401','DONE'),
		('ZH38920','LV2501','DONE'),
		('ZH38920','LV2601','DONE'),
		('ZH38920','LV2701','DONE'),
		('ZH38920','LV2801','DONE'),
		('ZH38920','LV2901','DONE'),
		('ZH38920','LV3001','DONE'),
		('ZH38920','LV3101','DONE'),
		('ZH38920','LV3201','DONE'),
		('ZH38920','LV3301','DONE'),
		('ZH38920','LV3401','DONE'),
		('ZH38920','LV3501','DONE'),
		('ZH38920','LV3601','DONE'),
		('ZH38920','LV3701','PROCESSING'),
		('ZH38920','LV3801','PROCESSING'),
		('LA71950','LV101','DONE'),
		('LA71950','LV102','DONE'),
		('LA71950','LV103','DONE'),
		('LA71950','LV104','DONE'),
		('LA71950','LV105','DONE'),
		('LA71950','LV201','DONE'),
		('LA71950','LV202','DONE'),
		('LA71950','LV302','DONE'),
		('LA71950','LV303','DONE'),
		('LA71950','LV304','DONE'),
		('LA71950','LV305','DONE'),
		('LA71950','LV401','DONE'),
		('LA71950','LV402','DONE'),
		('LA71950','LV501','DONE'),
		('LA71950','LV502','DONE'),
		('LA71950','LV601','DONE'),
		('LA71950','LV602','DONE'),
		('LA71950','LV701','DONE'),
		('LA71950','LV702','DONE'),
		('LA71950','LV801','DONE'),
		('LA71950','LV901','DONE'),
		('LA71950','LV1001','DONE'),
		('LA71950','LV1002','DONE'),
		('LA71950','LV1101','DONE'),
		('LA71950','LV1102','DONE'),
		('LA71950','LV1201','DONE'),
		('LA71950','LV1202','DONE'),
		('LA71950','LV1301','DONE'),
		('LA71950','LV1302','DONE'),
		('LA71950','LV1401','DONE'),
		('LA71950','LV1402','DONE'),
		('LA71950','LV1501','DONE'),
		('LA71950','LV1601','DONE'),
		('LA71950','LV1701','DONE'),
		('LA71950','LV1801','DONE'),
		('LA71950','LV1901','DONE'),
		('LA71950','LV2001','DONE'),
		('LA71950','LV2101','DONE'),
		('LA71950','LV2201','DONE'),
		('LA71950','LV2301','DONE'),
		('LA71950','LV2401','DONE'),
		('LA71950','LV2501','DONE'),
		('LA71950','LV2601','DONE'),
		('LA71950','LV2701','DONE'),
		('LA71950','LV2801','DONE'),
		('LA71950','LV2901','DONE'),
		('LA71950','LV3001','DONE'),
		('LA71950','LV3101','DONE'),
		('LA71950','LV3201','DONE'),
		('LA71950','LV3301','DONE'),
		('LA71950','LV3401','DONE'),
		('LA71950','LV3501','DONE'),
		('LA71950','LV3601','DONE'),
		('LA71950','LV3701','PROCESSING'),
		('FU68319','LV101','DONE'),
		('FU68319','LV102','DONE'),
		('FU68319','LV103','DONE'),
		('FU68319','LV104','DONE'),
		('FU68319','LV105','DONE'),
		('FU68319','LV201','DONE'),
		('FU68319','LV202','DONE'),
		('FU68319','LV302','DONE'),
		('FU68319','LV303','DONE'),
		('FU68319','LV304','DONE'),
		('FU68319','LV305','DONE'),
		('FU68319','LV401','DONE'),
		('FU68319','LV402','DONE'),
		('FU68319','LV501','DONE'),
		('FU68319','LV502','DONE'),
		('FU68319','LV601','DONE'),
		('FU68319','LV602','DONE'),
		('FU68319','LV701','DONE'),
		('FU68319','LV702','DONE'),
		('FU68319','LV801','DONE'),
		('FU68319','LV901','DONE'),
		('FU68319','LV1001','DONE'),
		('FU68319','LV1002','DONE'),
		('FU68319','LV1101','DONE'),
		('FU68319','LV1102','DONE'),
		('FU68319','LV1201','DONE'),
		('FU68319','LV1202','DONE'),
		('FU68319','LV1301','DONE'),
		('FU68319','LV1302','DONE'),
		('FU68319','LV1401','DONE'),
		('FU68319','LV1402','DONE'),
		('FU68319','LV1501','DONE'),
		('FU68319','LV1601','DONE'),
		('FU68319','LV1701','DONE'),
		('FU68319','LV1801','DONE'),
		('FU68319','LV1901','DONE'),
		('FU68319','LV2001','DONE'),
		('FU68319','LV2101','DONE'),
		('FU68319','LV2201','DONE'),
		('FU68319','LV2301','DONE'),
		('FU68319','LV2401','DONE'),
		('FU68319','LV2501','DONE'),
		('FU68319','LV2601','DONE'),
		('FU68319','LV2701','DONE'),
		('FU68319','LV2801','DONE'),
		('FU68319','LV2901','DONE'),
		('FU68319','LV3001','DONE'),
		('FU68319','LV3101','DONE'),
		('FU68319','LV3201','DONE'),
		('FU68319','LV3301','DONE'),
		('FU68319','LV3401','DONE'),
		('FU68319','LV3501','PROCESSING'),
		('FU68319','LV3601','PROCESSING'),
		('CH84407','LV101','DONE'),
		('CH84407','LV102','DONE'),
		('CH84407','LV103','DONE'),
		('CH84407','LV104','DONE'),
		('CH84407','LV105','DONE'),
		('CH84407','LV201','DONE'),
		('CH84407','LV202','DONE'),
		('CH84407','LV302','DONE'),
		('CH84407','LV303','DONE'),
		('CH84407','LV304','DONE'),
		('CH84407','LV305','DONE'),
		('CH84407','LV401','DONE'),
		('CH84407','LV402','DONE'),
		('CH84407','LV501','DONE'),
		('CH84407','LV502','DONE'),
		('CH84407','LV601','DONE'),
		('CH84407','LV602','DONE'),
		('CH84407','LV701','DONE'),
		('CH84407','LV702','DONE'),
		('CH84407','LV801','DONE'),
		('CH84407','LV901','DONE'),
		('CH84407','LV1001','DONE'),
		('CH84407','LV1002','DONE'),
		('CH84407','LV1101','DONE'),
		('CH84407','LV1102','DONE'),
		('CH84407','LV1201','DONE'),
		('CH84407','LV1202','DONE'),
		('CH84407','LV1301','DONE'),
		('CH84407','LV1302','DONE'),
		('CH84407','LV1401','DONE'),
		('CH84407','LV1402','DONE'),
		('CH84407','LV1501','DONE'),
		('CH84407','LV1601','DONE'),
		('CH84407','LV1701','DONE'),
		('CH84407','LV1801','DONE'),
		('CH84407','LV1901','DONE'),
		('CH84407','LV2001','DONE'),
		('CH84407','LV2101','DONE'),
		('CH84407','LV2201','DONE'),
		('CH84407','LV2301','DONE'),
		('CH84407','LV2401','DONE'),
		('CH84407','LV2501','DONE'),
		('CH84407','LV2601','DONE'),
		('CH84407','LV2701','DONE'),
		('CH84407','LV2801','DONE'),
		('CH84407','LV2901','DONE'),
		('CH84407','LV3001','DONE'),
		('CH84407','LV3101','DONE'),
		('CH84407','LV3201','DONE'),
		('CH84407','LV3301','DONE'),
		('CH84407','LV3401','DONE'),
		('CH84407','LV3501','PROCESSING'),
		('HU96498','LV101','DONE'),
		('HU96498','LV102','DONE'),
		('HU96498','LV103','DONE'),
		('HU96498','LV104','DONE'),
		('HU96498','LV105','DONE'),
		('HU96498','LV201','DONE'),
		('HU96498','LV202','DONE'),
		('HU96498','LV302','DONE'),
		('HU96498','LV303','DONE'),
		('HU96498','LV304','DONE'),
		('HU96498','LV305','DONE'),
		('HU96498','LV401','DONE'),
		('HU96498','LV402','DONE'),
		('HU96498','LV501','DONE'),
		('HU96498','LV502','DONE'),
		('HU96498','LV601','DONE'),
		('HU96498','LV602','DONE'),
		('HU96498','LV701','DONE'),
		('HU96498','LV702','DONE'),
		('HU96498','LV801','DONE'),
		('HU96498','LV901','DONE'),
		('HU96498','LV1001','DONE'),
		('HU96498','LV1002','DONE'),
		('HU96498','LV1101','DONE'),
		('HU96498','LV1102','DONE'),
		('HU96498','LV1201','DONE'),
		('HU96498','LV1202','DONE'),
		('HU96498','LV1301','DONE'),
		('HU96498','LV1302','DONE'),
		('HU96498','LV1401','DONE'),
		('HU96498','LV1402','DONE'),
		('HU96498','LV1501','DONE'),
		('HU96498','LV1601','DONE'),
		('HU96498','LV1701','DONE'),
		('HU96498','LV1801','DONE'),
		('HU96498','LV1901','DONE'),
		('HU96498','LV2001','DONE'),
		('HU96498','LV2101','DONE'),
		('HU96498','LV2201','DONE'),
		('HU96498','LV2301','DONE'),
		('HU96498','LV2401','DONE'),
		('HU96498','LV2501','DONE'),
		('HU96498','LV2601','DONE'),
		('HU96498','LV2701','DONE'),
		('HU96498','LV2801','DONE');
INSERT INTO THUCHIEN
	(CITY_ID, NHIEMVU_ID, "STATUS") VALUES
		('HU96498','LV2901','DONE'),
		('HU96498','LV3001','DONE'),
		('HU96498','LV3101','PROCESSING'),
		('HU96498','LV3201','PROCESSING'),
		('HU96498','LV3301','PROCESSING'),
		('HU96498','LV3401','PROCESSING'),
		('BA14453','LV101','DONE'),
		('BA14453','LV102','DONE'),
		('BA14453','LV103','DONE'),
		('BA14453','LV104','DONE'),
		('BA14453','LV105','DONE'),
		('BA14453','LV201','DONE'),
		('BA14453','LV202','DONE'),
		('BA14453','LV302','DONE'),
		('BA14453','LV303','DONE'),
		('BA14453','LV304','DONE'),
		('BA14453','LV305','DONE'),
		('BA14453','LV401','DONE'),
		('BA14453','LV402','DONE'),
		('BA14453','LV501','DONE'),
		('BA14453','LV502','DONE'),
		('BA14453','LV601','DONE'),
		('BA14453','LV602','DONE'),
		('BA14453','LV701','DONE'),
		('BA14453','LV702','DONE'),
		('BA14453','LV801','DONE'),
		('BA14453','LV901','DONE'),
		('BA14453','LV1001','DONE'),
		('BA14453','LV1002','DONE'),
		('BA14453','LV1101','DONE'),
		('BA14453','LV1102','DONE'),
		('BA14453','LV1201','DONE'),
		('BA14453','LV1202','DONE'),
		('BA14453','LV1301','DONE'),
		('BA14453','LV1302','DONE'),
		('BA14453','LV1401','DONE'),
		('BA14453','LV1402','DONE'),
		('BA14453','LV1501','DONE'),
		('BA14453','LV1601','DONE'),
		('BA14453','LV1701','DONE'),
		('BA14453','LV1801','DONE'),
		('BA14453','LV1901','DONE'),
		('BA14453','LV2001','DONE'),
		('BA14453','LV2101','DONE'),
		('BA14453','LV2201','DONE'),
		('BA14453','LV2301','DONE'),
		('BA14453','LV2401','DONE'),
		('BA14453','LV2501','DONE'),
		('BA14453','LV2601','DONE'),
		('BA14453','LV2701','DONE'),
		('BA14453','LV2801','DONE'),
		('BA14453','LV2901','DONE'),
		('BA14453','LV3001','DONE'),
		('BA14453','LV3101','DONE'),
		('BA14453','LV3201','PROCESSING'),
		('BA14453','LV3301','PROCESSING'),
		('AV12957','LV101','DONE'),
		('AV12957','LV102','DONE'),
		('AV12957','LV103','DONE'),
		('AV12957','LV104','DONE'),
		('AV12957','LV105','DONE'),
		('AV12957','LV201','DONE'),
		('AV12957','LV202','DONE'),
		('AV12957','LV302','DONE'),
		('AV12957','LV303','DONE'),
		('AV12957','LV304','DONE'),
		('AV12957','LV305','DONE'),
		('AV12957','LV401','DONE'),
		('AV12957','LV402','DONE'),
		('AV12957','LV501','DONE'),
		('AV12957','LV502','DONE'),
		('AV12957','LV601','DONE'),
		('AV12957','LV602','DONE'),
		('AV12957','LV701','DONE'),
		('AV12957','LV702','DONE'),
		('AV12957','LV801','DONE'),
		('AV12957','LV901','DONE'),
		('AV12957','LV1001','DONE'),
		('AV12957','LV1002','DONE'),
		('AV12957','LV1101','DONE'),
		('AV12957','LV1102','DONE'),
		('AV12957','LV1201','DONE'),
		('AV12957','LV1202','DONE'),
		('AV12957','LV1301','DONE'),
		('AV12957','LV1302','DONE'),
		('AV12957','LV1401','DONE'),
		('AV12957','LV1402','DONE'),
		('AV12957','LV1501','DONE'),
		('AV12957','LV1601','DONE'),
		('AV12957','LV1701','DONE'),
		('AV12957','LV1801','DONE'),
		('AV12957','LV1901','DONE'),
		('AV12957','LV2001','DONE'),
		('AV12957','LV2101','DONE'),
		('AV12957','LV2201','DONE'),
		('AV12957','LV2301','DONE'),
		('AV12957','LV2401','DONE'),
		('AV12957','LV2501','DONE'),
		('AV12957','LV2601','DONE'),
		('AV12957','LV2701','DONE'),
		('AV12957','LV2801','DONE'),
		('AV12957','LV2901','DONE'),
		('AV12957','LV3001','DONE'),
		('AV12957','LV3101','PROCESSING'),
		('AV12957','LV3201','PROCESSING'),
		('HA55192','LV101','DONE'),
		('HA55192','LV102','DONE'),
		('HA55192','LV103','DONE'),
		('HA55192','LV104','DONE'),
		('HA55192','LV105','DONE'),
		('HA55192','LV201','DONE'),
		('HA55192','LV202','DONE'),
		('HA55192','LV302','DONE'),
		('HA55192','LV303','DONE'),
		('HA55192','LV304','DONE'),
		('HA55192','LV305','DONE'),
		('HA55192','LV401','DONE'),
		('HA55192','LV402','DONE'),
		('HA55192','LV501','DONE'),
		('HA55192','LV502','DONE'),
		('HA55192','LV601','DONE'),
		('HA55192','LV602','DONE'),
		('HA55192','LV701','DONE'),
		('HA55192','LV702','DONE'),
		('HA55192','LV801','DONE'),
		('HA55192','LV901','DONE'),
		('HA55192','LV1001','DONE'),
		('HA55192','LV1002','DONE'),
		('HA55192','LV1101','DONE'),
		('HA55192','LV1102','DONE'),
		('HA55192','LV1201','DONE'),
		('HA55192','LV1202','DONE'),
		('HA55192','LV1301','DONE'),
		('HA55192','LV1302','DONE'),
		('HA55192','LV1401','DONE'),
		('HA55192','LV1402','DONE'),
		('HA55192','LV1501','DONE'),
		('HA55192','LV1601','DONE'),
		('HA55192','LV1701','DONE'),
		('HA55192','LV1801','DONE'),
		('HA55192','LV1901','DONE'),
		('HA55192','LV2001','DONE'),
		('HA55192','LV2101','DONE'),
		('HA55192','LV2201','DONE'),
		('HA55192','LV2301','DONE'),
		('HA55192','LV2401','DONE'),
		('HA55192','LV2501','DONE'),
		('HA55192','LV2601','DONE'),
		('HA55192','LV2701','DONE'),
		('HA55192','LV2801','DONE'),
		('HA55192','LV2901','DONE'),
		('HA55192','LV3001','DONE'),
		('HA55192','LV3101','PROCESSING'),
		('RM84619','LV101','DONE'),
		('RM84619','LV102','DONE'),
		('RM84619','LV103','DONE'),
		('RM84619','LV104','DONE'),
		('RM84619','LV105','DONE'),
		('RM84619','LV201','DONE'),
		('RM84619','LV202','DONE'),
		('RM84619','LV302','DONE'),
		('RM84619','LV303','DONE'),
		('RM84619','LV304','DONE'),
		('RM84619','LV305','DONE'),
		('RM84619','LV401','DONE'),
		('RM84619','LV402','DONE'),
		('RM84619','LV501','DONE'),
		('RM84619','LV502','DONE'),
		('RM84619','LV601','DONE'),
		('RM84619','LV602','DONE'),
		('RM84619','LV701','DONE'),
		('RM84619','LV702','DONE'),
		('RM84619','LV801','DONE'),
		('RM84619','LV901','DONE'),
		('RM84619','LV1001','DONE'),
		('RM84619','LV1002','DONE'),
		('RM84619','LV1101','DONE'),
		('RM84619','LV1102','DONE'),
		('RM84619','LV1201','DONE'),
		('RM84619','LV1202','DONE'),
		('RM84619','LV1301','DONE'),
		('RM84619','LV1302','DONE'),
		('RM84619','LV1401','DONE'),
		('RM84619','LV1402','DONE'),
		('RM84619','LV1501','DONE'),
		('RM84619','LV1601','DONE'),
		('RM84619','LV1701','DONE'),
		('RM84619','LV1801','DONE'),
		('RM84619','LV1901','DONE'),
		('RM84619','LV2001','DONE'),
		('RM84619','LV2101','DONE'),
		('RM84619','LV2201','DONE'),
		('RM84619','LV2301','DONE'),
		('RM84619','LV2401','DONE'),
		('RM84619','LV2501','DONE'),
		('RM84619','LV2601','DONE'),
		('RM84619','LV2701','DONE'),
		('RM84619','LV2801','DONE'),
		('RM84619','LV2901','PROCESSING'),
		('RM84619','LV3001','PROCESSING'),
		('XZ43591','LV101','DONE'),
		('XZ43591','LV102','DONE'),
		('XZ43591','LV103','DONE'),
		('XZ43591','LV104','DONE'),
		('XZ43591','LV105','DONE'),
		('XZ43591','LV201','DONE'),
		('XZ43591','LV202','DONE'),
		('XZ43591','LV302','DONE'),
		('XZ43591','LV303','DONE'),
		('XZ43591','LV304','DONE'),
		('XZ43591','LV305','DONE'),
		('XZ43591','LV401','DONE'),
		('XZ43591','LV402','DONE'),
		('XZ43591','LV501','DONE'),
		('XZ43591','LV502','DONE'),
		('XZ43591','LV601','DONE'),
		('XZ43591','LV602','DONE'),
		('XZ43591','LV701','DONE'),
		('XZ43591','LV702','DONE'),
		('XZ43591','LV801','DONE'),
		('XZ43591','LV901','DONE'),
		('XZ43591','LV1001','DONE'),
		('XZ43591','LV1002','DONE'),
		('XZ43591','LV1101','DONE'),
		('XZ43591','LV1102','DONE'),
		('XZ43591','LV1201','DONE'),
		('XZ43591','LV1202','DONE'),
		('XZ43591','LV1301','DONE'),
		('XZ43591','LV1302','DONE'),
		('XZ43591','LV1401','DONE'),
		('XZ43591','LV1402','DONE'),
		('XZ43591','LV1501','DONE'),
		('XZ43591','LV1601','DONE'),
		('XZ43591','LV1701','DONE'),
		('XZ43591','LV1801','DONE'),
		('XZ43591','LV1901','DONE'),
		('XZ43591','LV2001','DONE'),
		('XZ43591','LV2101','DONE'),
		('XZ43591','LV2201','DONE'),
		('XZ43591','LV2301','DONE'),
		('XZ43591','LV2401','DONE'),
		('XZ43591','LV2501','DONE'),
		('XZ43591','LV2601','DONE'),
		('XZ43591','LV2701','PROCESSING'),
		('XZ43591','LV2801','PROCESSING'),
		('XZ43591','LV2901','PROCESSING'),
		('HG21932','LV101','DONE'),
		('HG21932','LV102','DONE'),
		('HG21932','LV103','DONE'),
		('HG21932','LV104','DONE'),
		('HG21932','LV105','DONE'),
		('HG21932','LV201','DONE'),
		('HG21932','LV202','DONE'),
		('HG21932','LV302','DONE'),
		('HG21932','LV303','DONE'),
		('HG21932','LV304','DONE'),
		('HG21932','LV305','DONE'),
		('HG21932','LV401','DONE'),
		('HG21932','LV402','DONE'),
		('HG21932','LV501','DONE'),
		('HG21932','LV502','DONE'),
		('HG21932','LV601','DONE'),
		('HG21932','LV602','DONE'),
		('HG21932','LV701','DONE'),
		('HG21932','LV702','DONE'),
		('HG21932','LV801','DONE'),
		('HG21932','LV901','DONE'),
		('HG21932','LV1001','DONE'),
		('HG21932','LV1002','DONE'),
		('HG21932','LV1101','DONE'),
		('HG21932','LV1102','DONE'),
		('HG21932','LV1201','DONE'),
		('HG21932','LV1202','DONE'),
		('HG21932','LV1301','DONE'),
		('HG21932','LV1302','DONE'),
		('HG21932','LV1401','DONE'),
		('HG21932','LV1402','DONE'),
		('HG21932','LV1501','DONE'),
		('HG21932','LV1601','DONE'),
		('HG21932','LV1701','DONE'),
		('HG21932','LV1801','DONE'),
		('HG21932','LV1901','DONE'),
		('HG21932','LV2001','DONE'),
		('HG21932','LV2101','DONE'),
		('HG21932','LV2201','DONE'),
		('HG21932','LV2301','DONE'),
		('HG21932','LV2401','DONE'),
		('HG21932','LV2501','DONE'),
		('HG21932','LV2601','DONE'),
		('HG21932','LV2701','PROCESSING'),
		('HG21932','LV2801','PROCESSING'),
		('HE34224','LV101','DONE'),
		('HE34224','LV102','DONE'),
		('HE34224','LV103','DONE'),
		('HE34224','LV104','DONE'),
		('HE34224','LV105','DONE'),
		('HE34224','LV201','DONE'),
		('HE34224','LV202','DONE'),
		('HE34224','LV302','DONE'),
		('HE34224','LV303','DONE'),
		('HE34224','LV304','DONE'),
		('HE34224','LV305','DONE'),
		('HE34224','LV401','DONE'),
		('HE34224','LV402','DONE'),
		('HE34224','LV501','DONE'),
		('HE34224','LV502','DONE'),
		('HE34224','LV601','DONE'),
		('HE34224','LV602','DONE'),
		('HE34224','LV701','DONE'),
		('HE34224','LV702','DONE'),
		('HE34224','LV801','DONE'),
		('HE34224','LV901','DONE'),
		('HE34224','LV1001','DONE'),
		('HE34224','LV1002','DONE'),
		('HE34224','LV1101','DONE'),
		('HE34224','LV1102','DONE'),
		('HE34224','LV1201','DONE'),
		('HE34224','LV1202','DONE'),
		('HE34224','LV1301','DONE'),
		('HE34224','LV1302','DONE'),
		('HE34224','LV1401','DONE'),
		('HE34224','LV1402','DONE'),
		('HE34224','LV1501','DONE'),
		('HE34224','LV1601','DONE'),
		('HE34224','LV1701','DONE'),
		('HE34224','LV1801','DONE'),
		('HE34224','LV1901','DONE'),
		('HE34224','LV2001','DONE'),
		('HE34224','LV2101','DONE'),
		('HE34224','LV2201','DONE'),
		('HE34224','LV2301','DONE'),
		('HE34224','LV2401','PROCESSING'),
		('HE34224','LV2501','PROCESSING'),
		('HE34224','LV2601','PROCESSING'),
		('HE34224','LV2701','PROCESSING'),
		('TT20532','LV101','DONE'),
		('TT20532','LV102','DONE'),
		('TT20532','LV103','DONE'),
		('TT20532','LV104','DONE'),
		('TT20532','LV105','DONE'),
		('TT20532','LV201','DONE'),
		('TT20532','LV202','DONE'),
		('TT20532','LV302','DONE'),
		('TT20532','LV303','DONE'),
		('TT20532','LV304','DONE'),
		('TT20532','LV305','DONE'),
		('TT20532','LV401','DONE'),
		('TT20532','LV402','DONE'),
		('TT20532','LV501','DONE'),
		('TT20532','LV502','DONE'),
		('TT20532','LV601','DONE'),
		('TT20532','LV602','DONE'),
		('TT20532','LV701','DONE'),
		('TT20532','LV702','DONE'),
		('TT20532','LV801','DONE'),
		('TT20532','LV901','DONE'),
		('TT20532','LV1001','DONE'),
		('TT20532','LV1002','DONE'),
		('TT20532','LV1101','DONE'),
		('TT20532','LV1102','DONE'),
		('TT20532','LV1201','DONE'),
		('TT20532','LV1202','DONE'),
		('TT20532','LV1301','DONE'),
		('TT20532','LV1302','DONE'),
		('TT20532','LV1401','DONE'),
		('TT20532','LV1402','DONE'),
		('TT20532','LV1501','DONE'),
		('TT20532','LV1601','DONE'),
		('TT20532','LV1701','DONE'),
		('TT20532','LV1801','DONE'),
		('TT20532','LV1901','DONE'),
		('TT20532','LV2001','DONE'),
		('TT20532','LV2101','DONE'),
		('TT20532','LV2201','DONE'),
		('TT20532','LV2301','DONE'),
		('TT20532','LV2401','DONE'),
		('TT20532','LV2501','DONE'),
		('TT20532','LV2601','PROCESSING'),
		('DO21487','LV101','DONE'),
		('DO21487','LV102','DONE'),
		('DO21487','LV103','DONE'),
		('DO21487','LV104','DONE'),
		('DO21487','LV105','DONE'),
		('DO21487','LV201','DONE'),
		('DO21487','LV202','DONE'),
		('DO21487','LV302','DONE'),
		('DO21487','LV303','DONE'),
		('DO21487','LV304','DONE'),
		('DO21487','LV305','DONE'),
		('DO21487','LV401','DONE'),
		('DO21487','LV402','DONE'),
		('DO21487','LV501','DONE'),
		('DO21487','LV502','DONE'),
		('DO21487','LV601','DONE'),
		('DO21487','LV602','DONE'),
		('DO21487','LV701','DONE'),
		('DO21487','LV702','DONE'),
		('DO21487','LV801','DONE'),
		('DO21487','LV901','DONE'),
		('DO21487','LV1001','DONE'),
		('DO21487','LV1002','DONE'),
		('DO21487','LV1101','DONE'),
		('DO21487','LV1102','DONE'),
		('DO21487','LV1201','DONE'),
		('DO21487','LV1202','DONE'),
		('DO21487','LV1301','DONE'),
		('DO21487','LV1302','DONE'),
		('DO21487','LV1401','DONE'),
		('DO21487','LV1402','DONE'),
		('DO21487','LV1501','PROCESSING'),
		('DO21487','LV1601','PROCESSING'),
		('DO21487','LV1701','PROCESSING'),
		('DO21487','LV1801','PROCESSING'),
		('BA47259','LV101','DONE'),
		('BA47259','LV102','DONE'),
		('BA47259','LV103','DONE'),
		('BA47259','LV104','DONE'),
		('BA47259','LV105','DONE'),
		('BA47259','LV201','DONE'),
		('BA47259','LV202','DONE'),
		('BA47259','LV302','DONE'),
		('BA47259','LV303','DONE'),
		('BA47259','LV304','DONE'),
		('BA47259','LV305','DONE'),
		('BA47259','LV401','DONE'),
		('BA47259','LV402','DONE'),
		('BA47259','LV501','DONE'),
		('BA47259','LV502','DONE'),
		('BA47259','LV601','DONE'),
		('BA47259','LV602','DONE'),
		('BA47259','LV701','DONE'),
		('BA47259','LV702','DONE'),
		('BA47259','LV801','DONE'),
		('BA47259','LV901','DONE'),
		('BA47259','LV1001','DONE'),
		('BA47259','LV1002','DONE'),
		('BA47259','LV1101','DONE'),
		('BA47259','LV1102','DONE'),
		('BA47259','LV1201','DONE'),
		('BA47259','LV1202','DONE'),
		('BA47259','LV1301','DONE'),
		('BA47259','LV1302','DONE'),
		('BA47259','LV1401','DONE'),
		('BA47259','LV1402','DONE'),
		('BA47259','LV1501','DONE'),
		('BA47259','LV1601','DONE'),
		('BA47259','LV1701','PROCESSING'),
		('BK73627','LV101','DONE'),
		('BK73627','LV102','DONE'),
		('BK73627','LV103','DONE'),
		('BK73627','LV104','DONE'),
		('BK73627','LV105','DONE'),
		('BK73627','LV201','DONE'),
		('BK73627','LV202','DONE'),
		('BK73627','LV302','DONE'),
		('BK73627','LV303','DONE'),
		('BK73627','LV304','DONE'),
		('BK73627','LV305','DONE'),
		('BK73627','LV401','DONE'),
		('BK73627','LV402','DONE'),
		('BK73627','LV501','DONE'),
		('BK73627','LV502','DONE'),
		('BK73627','LV601','DONE'),
		('BK73627','LV602','DONE'),
		('BK73627','LV701','DONE'),
		('BK73627','LV702','DONE'),
		('BK73627','LV801','DONE'),
		('BK73627','LV901','DONE'),
		('BK73627','LV1001','DONE'),
		('BK73627','LV1002','DONE'),
		('BK73627','LV1101','DONE'),
		('BK73627','LV1102','DONE'),
		('BK73627','LV1201','DONE'),
		('BK73627','LV1202','DONE'),
		('BK73627','LV1301','DONE'),
		('BK73627','LV1302','DONE'),
		('BK73627','LV1401','DONE'),
		('BK73627','LV1402','DONE'),
		('BK73627','LV1501','PROCESSING'),
		('BK73627','LV1601','PROCESSING'),
		('ST96979','LV101','DONE'),
		('ST96979','LV102','DONE'),
		('ST96979','LV103','DONE'),
		('ST96979','LV104','DONE'),
		('ST96979','LV105','DONE'),
		('ST96979','LV201','DONE'),
		('ST96979','LV202','DONE'),
		('ST96979','LV302','DONE'),
		('ST96979','LV303','DONE'),
		('ST96979','LV304','DONE'),
		('ST96979','LV305','DONE'),
		('ST96979','LV401','DONE'),
		('ST96979','LV402','DONE'),
		('ST96979','LV501','DONE'),
		('ST96979','LV502','DONE'),
		('ST96979','LV601','DONE'),
		('ST96979','LV602','DONE'),
		('ST96979','LV701','DONE'),
		('ST96979','LV702','DONE'),
		('ST96979','LV801','DONE'),
		('ST96979','LV901','DONE'),
		('ST96979','LV1001','DONE'),
		('ST96979','LV1002','DONE'),
		('ST96979','LV1101','DONE'),
		('ST96979','LV1102','DONE'),
		('ST96979','LV1201','DONE'),
		('ST96979','LV1202','DONE'),
		('ST96979','LV1301','DONE'),
		('ST96979','LV1302','PROCESSING'),
		('ST96979','LV1401','PROCESSING'),
		('ST96979','LV1402','PROCESSING'),
		('ST96979','LV1501','PROCESSING'),
		('BU37982','LV101','DONE'),
		('BU37982','LV102','DONE'),
		('BU37982','LV103','DONE'),
		('BU37982','LV104','DONE'),
		('BU37982','LV105','DONE'),
		('BU37982','LV201','DONE'),
		('BU37982','LV202','DONE'),
		('BU37982','LV302','DONE'),
		('BU37982','LV303','DONE'),
		('BU37982','LV304','DONE'),
		('BU37982','LV305','DONE'),
		('BU37982','LV401','DONE'),
		('BU37982','LV402','DONE'),
		('BU37982','LV501','DONE'),
		('BU37982','LV502','DONE'),
		('BU37982','LV601','DONE'),
		('BU37982','LV602','DONE'),
		('BU37982','LV701','DONE'),
		('BU37982','LV702','DONE'),
		('BU37982','LV801','DONE'),
		('BU37982','LV901','DONE'),
		('BU37982','LV1001','DONE'),
		('BU37982','LV1002','DONE'),
		('BU37982','LV1101','DONE'),
		('BU37982','LV1102','DONE'),
		('BU37982','LV1201','DONE'),
		('BU37982','LV1202','DONE'),
		('BU37982','LV1301','DONE'),
		('BU37982','LV1302','DONE'),
		('BU37982','LV1401','PROCESSING'),
		('BU37982','LV1402','PROCESSING'),
		('KY82858','LV101','DONE'),
		('KY82858','LV102','DONE'),
		('KY82858','LV103','DONE'),
		('KY82858','LV104','DONE'),
		('KY82858','LV105','DONE'),
		('KY82858','LV201','DONE'),
		('KY82858','LV202','DONE'),
		('KY82858','LV302','DONE'),
		('KY82858','LV303','DONE'),
		('KY82858','LV304','DONE'),
		('KY82858','LV305','DONE'),
		('KY82858','LV401','DONE'),
		('KY82858','LV402','DONE'),
		('KY82858','LV501','DONE'),
		('KY82858','LV502','DONE'),
		('KY82858','LV601','DONE'),
		('KY82858','LV602','DONE'),
		('KY82858','LV701','DONE'),
		('KY82858','LV702','DONE'),
		('KY82858','LV801','DONE'),
		('KY82858','LV901','DONE'),
		('KY82858','LV1001','DONE'),
		('KY82858','LV1002','DONE'),
		('KY82858','LV1101','DONE'),
		('KY82858','LV1102','DONE'),
		('KY82858','LV1201','DONE'),
		('KY82858','LV1202','DONE'),
		('KY82858','LV1301','DONE'),
		('KY82858','LV1302','PROCESSING'),
		('NK62134','LV101','DONE'),
		('NK62134','LV102','DONE'),
		('NK62134','LV103','DONE'),
		('NK62134','LV104','DONE'),
		('NK62134','LV105','DONE'),
		('NK62134','LV201','DONE'),
		('NK62134','LV202','DONE'),
		('NK62134','LV302','DONE'),
		('NK62134','LV303','DONE'),
		('NK62134','LV304','DONE'),
		('NK62134','LV305','DONE'),
		('NK62134','LV401','DONE'),
		('NK62134','LV402','DONE'),
		('NK62134','LV501','DONE'),
		('NK62134','LV502','DONE'),
		('NK62134','LV601','DONE'),
		('NK62134','LV602','DONE'),
		('NK62134','LV701','DONE'),
		('NK62134','LV702','DONE'),
		('NK62134','LV801','DONE'),
		('NK62134','LV901','DONE'),
		('NK62134','LV1001','DONE'),
		('NK62134','LV1002','DONE'),
		('NK62134','LV1101','DONE'),
		('NK62134','LV1102','PROCESSING'),
		('NK62134','LV1201','PROCESSING'),
		('NK62134','LV1202','PROCESSING'),
		('SO49644','LV101','DONE'),
		('SO49644','LV102','DONE'),
		('SO49644','LV103','DONE'),
		('SO49644','LV104','DONE'),
		('SO49644','LV105','DONE'),
		('SO49644','LV201','DONE'),
		('SO49644','LV202','DONE'),
		('SO49644','LV302','DONE'),
		('SO49644','LV303','DONE'),
		('SO49644','LV304','DONE'),
		('SO49644','LV305','DONE'),
		('SO49644','LV401','DONE'),
		('SO49644','LV402','DONE'),
		('SO49644','LV501','DONE'),
		('SO49644','LV502','DONE'),
		('SO49644','LV601','DONE'),
		('SO49644','LV602','DONE'),
		('SO49644','LV701','DONE'),
		('SO49644','LV702','DONE'),
		('SO49644','LV801','DONE'),
		('SO49644','LV901','DONE'),
		('SO49644','LV1001','DONE'),
		('SO49644','LV1002','DONE'),
		('SO49644','LV1101','PROCESSING'),
		('SO49644','LV1102','PROCESSING'),
		('HG62636','LV101','DONE'),
		('HG62636','LV102','DONE'),
		('HG62636','LV103','DONE'),
		('HG62636','LV104','DONE'),
		('HG62636','LV105','DONE'),
		('HG62636','LV201','DONE'),
		('HG62636','LV202','DONE'),
		('HG62636','LV302','DONE'),
		('HG62636','LV303','DONE'),
		('HG62636','LV304','DONE'),
		('HG62636','LV305','DONE'),
		('HG62636','LV401','DONE'),
		('HG62636','LV402','DONE'),
		('HG62636','LV501','DONE'),
		('HG62636','LV502','DONE'),
		('HG62636','LV601','DONE'),
		('HG62636','LV602','DONE'),
		('HG62636','LV701','DONE'),
		('HG62636','LV702','DONE'),
		('HG62636','LV801','DONE'),
		('HG62636','LV901','DONE'),
		('HG62636','LV1001','DONE'),
		('HG62636','LV1002','PROCESSING'),
		('DU81499','LV101','DONE'),
		('DU81499','LV102','DONE'),
		('DU81499','LV103','DONE'),
		('DU81499','LV104','DONE'),
		('DU81499','LV105','DONE'),
		('DU81499','LV201','DONE'),
		('DU81499','LV202','DONE'),
		('DU81499','LV302','DONE'),
		('DU81499','LV303','DONE'),
		('DU81499','LV304','DONE'),
		('DU81499','LV305','DONE'),
		('DU81499','LV401','DONE'),
		('DU81499','LV402','DONE'),
		('DU81499','LV501','DONE'),
		('DU81499','LV502','DONE'),
		('DU81499','LV601','DONE'),
		('DU81499','LV602','DONE'),
		('DU81499','LV701','PROCESSING'),
		('DU81499','LV702','PROCESSING'),
		('DU81499','LV801','PROCESSING'),
		('DU81499','LV901','PROCESSING'),
		('QQ91638','LV101','DONE'),
		('QQ91638','LV102','DONE'),
		('QQ91638','LV103','DONE'),
		('QQ91638','LV104','DONE'),
		('QQ91638','LV105','DONE'),
		('QQ91638','LV201','DONE'),
		('QQ91638','LV202','DONE'),
		('QQ91638','LV302','DONE'),
		('QQ91638','LV303','DONE'),
		('QQ91638','LV304','DONE'),
		('QQ91638','LV305','DONE'),
		('QQ91638','LV401','DONE'),
		('QQ91638','LV402','DONE'),
		('QQ91638','LV501','DONE'),
		('QQ91638','LV502','DONE'),
		('QQ91638','LV601','DONE'),
		('QQ91638','LV602','DONE'),
		('QQ91638','LV701','DONE'),
		('QQ91638','LV702','DONE'),
		('QQ91638','LV801','PROCESSING'),
		('MH79307','LV101','DONE'),
		('MH79307','LV102','DONE'),
		('MH79307','LV103','DONE'),
		('MH79307','LV104','DONE'),
		('MH79307','LV105','DONE'),
		('MH79307','LV201','DONE'),
		('MH79307','LV202','DONE'),
		('MH79307','LV302','DONE'),
		('MH79307','LV303','DONE'),
		('MH79307','LV304','DONE'),
		('MH79307','LV305','DONE'),
		('MH79307','LV401','DONE'),
		('MH79307','LV402','DONE'),
		('MH79307','LV501','DONE'),
		('MH79307','LV502','DONE'),
		('MH79307','LV601','DONE'),
		('MH79307','LV602','DONE'),
		('MH79307','LV701','PROCESSING'),
		('MH79307','LV702','PROCESSING'),
		('GA41904','LV101','DONE'),
		('GA41904','LV102','DONE'),
		('GA41904','LV103','DONE'),
		('GA41904','LV104','DONE'),
		('GA41904','LV105','DONE'),
		('GA41904','LV201','DONE'),
		('GA41904','LV202','DONE'),
		('GA41904','LV302','DONE'),
		('GA41904','LV303','DONE'),
		('GA41904','LV304','DONE'),
		('GA41904','LV305','DONE'),
		('GA41904','LV401','DONE'),
		('GA41904','LV402','DONE'),
		('GA41904','LV501','DONE'),
		('GA41904','LV502','PROCESSING'),
		('GA41904','LV601','PROCESSING'),
		('GA41904','LV602','PROCESSING'),
		('YI78792','LV101','DONE'),
		('YI78792','LV102','DONE'),
		('YI78792','LV103','DONE'),
		('YI78792','LV104','DONE'),
		('YI78792','LV105','DONE'),
		('YI78792','LV201','DONE'),
		('YI78792','LV202','DONE'),
		('YI78792','LV302','DONE'),
		('YI78792','LV303','DONE'),
		('YI78792','LV304','DONE'),
		('YI78792','LV305','DONE'),
		('YI78792','LV401','DONE'),
		('YI78792','LV402','DONE'),
		('YI78792','LV501','PROCESSING'),
		('YI78792','LV502','PROCESSING'),
		('ME45019','LV101','DONE'),
		('ME45019','LV102','DONE'),
		('ME45019','LV103','DONE'),
		('ME45019','LV104','DONE'),
		('ME45019','LV105','DONE'),
		('ME45019','LV201','DONE'),
		('ME45019','LV202','DONE'),
		('ME45019','LV302','DONE'),
		('ME45019','LV303','DONE'),
		('ME45019','LV304','DONE'),
		('ME45019','LV305','DONE'),
		('ME45019','LV401','DONE'),
		('ME45019','LV402','PROCESSING'),
		('ME45019','LV501','PROCESSING'),
		('ME45019','LV502','PROCESSING'),
		('TJ13418','LV101','DONE'),
		('TJ13418','LV102','DONE'),
		('TJ13418','LV103','DONE'),
		('TJ13418','LV104','DONE'),
		('TJ13418','LV105','DONE'),
		('TJ13418','LV201','DONE'),
		('TJ13418','LV202','DONE'),
		('TJ13418','LV302','DONE'),
		('TJ13418','LV303','DONE'),
		('TJ13418','LV304','DONE'),
		('TJ13418','LV305','DONE'),
		('TJ13418','LV401','DONE'),
		('TJ13418','LV402','DONE'),
		('TJ13418','LV501','DONE'),
		('TJ13418','LV502','PROCESSING'),
		('LU41972','LV101','DONE'),
		('LU41972','LV102','DONE'),
		('LU41972','LV103','DONE'),
		('LU41972','LV104','DONE'),
		('LU41972','LV105','DONE'),
		('LU41972','LV201','DONE'),
		('LU41972','LV202','DONE'),
		('LU41972','LV302','DONE'),
		('LU41972','LV303','DONE'),
		('LU41972','LV304','DONE'),
		('LU41972','LV305','DONE'),
		('LU41972','LV401','DONE'),
		('LU41972','LV402','PROCESSING'),
		('LU41972','LV501','PROCESSING'),
		('LU41972','LV502','PROCESSING'),
		('FI11940','LV101','DONE'),
		('FI11940','LV102','DONE'),
		('FI11940','LV103','DONE'),
		('FI11940','LV104','DONE'),
		('FI11940','LV105','DONE'),
		('FI11940','LV201','DONE'),
		('FI11940','LV202','DONE'),
		('FI11940','LV302','DONE'),
		('FI11940','LV303','DONE'),
		('FI11940','LV304','DONE'),
		('FI11940','LV305','DONE'),
		('FI11940','LV401','DONE'),
		('FI11940','LV402','DONE'),
		('FI11940','LV501','PROCESSING'),
		('FI11940','LV502','PROCESSING'),
		('KT77326','LV101','DONE'),
		('KT77326','LV102','DONE'),
		('KT77326','LV103','DONE'),
		('KT77326','LV104','DONE'),
		('KT77326','LV105','DONE'),
		('KT77326','LV201','DONE'),
		('KT77326','LV202','DONE'),
		('KT77326','LV302','DONE'),
		('KT77326','LV303','DONE'),
		('KT77326','LV304','DONE'),
		('KT77326','LV305','DONE'),
		('KT77326','LV401','DONE'),
		('KT77326','LV402','PROCESSING'),
		('XB80047','LV101','DONE'),
		('XB80047','LV102','DONE'),
		('XB80047','LV103','DONE'),
		('XB80047','LV104','DONE'),
		('XB80047','LV105','DONE'),
		('XB80047','LV201','DONE'),
		('XB80047','LV202','DONE'),
		('XB80047','LV302','DONE'),
		('XB80047','LV303','DONE'),
		('XB80047','LV304','DONE'),
		('XB80047','LV305','PROCESSING'),
		('XB80047','LV401','PROCESSING'),
		('XB80047','LV402','PROCESSING'),
		('DE77594','LV101','DONE'),
		('DE77594','LV102','DONE'),
		('DE77594','LV103','DONE'),
		('DE77594','LV104','DONE'),
		('DE77594','LV105','DONE'),
		('DE77594','LV201','DONE'),
		('DE77594','LV202','DONE'),
		('DE77594','LV302','DONE'),
		('DE77594','LV303','DONE'),
		('DE77594','LV304','DONE'),
		('DE77594','LV305','DONE'),
		('DE77594','LV401','DONE'),
		('DE77594','LV402','PROCESSING'),
		('MI12851','LV101','DONE'),
		('MI12851','LV102','DONE'),
		('MI12851','LV103','DONE'),
		('MI12851','LV104','DONE'),
		('MI12851','LV105','DONE'),
		('MI12851','LV201','DONE'),
		('MI12851','LV202','DONE'),
		('MI12851','LV302','DONE'),
		('MI12851','LV303','DONE'),
		('MI12851','LV304','PROCESSING'),
		('MI12851','LV305','PROCESSING'),
		('MI12851','LV401','PROCESSING'),
		('MI12851','LV402','PROCESSING'),
		('IS82920','LV101','DONE'),
		('IS82920','LV102','DONE'),
		('IS82920','LV103','DONE'),
		('IS82920','LV104','DONE'),
		('IS82920','LV105','DONE'),
		('IS82920','LV201','DONE'),
		('IS82920','LV202','DONE'),
		('IS82920','LV302','DONE'),
		('IS82920','LV303','DONE'),
		('IS82920','LV304','DONE'),
		('IS82920','LV305','DONE'),
		('IS82920','LV401','DONE'),
		('IS82920','LV402','PROCESSING'),
		('YB92350','LV101','DONE'),
		('YB92350','LV102','DONE'),
		('YB92350','LV103','DONE'),
		('YB92350','LV104','DONE'),
		('YB92350','LV105','DONE'),
		('YB92350','LV201','DONE'),
		('YB92350','LV202','DONE'),
		('YB92350','LV302','DONE'),
		('YB92350','LV303','DONE'),
		('YB92350','LV304','DONE'),
		('YB92350','LV305','PROCESSING'),
		('KO28392','LV101','DONE'),
		('KO28392','LV102','DONE'),
		('KO28392','LV103','DONE'),
		('KO28392','LV104','DONE'),
		('KO28392','LV105','DONE'),
		('KO28392','LV201','DONE'),
		('KO28392','LV202','DONE'),
		('KO28392','LV302','DONE'),
		('KO28392','LV303','DONE'),
		('KO28392','LV304','PROCESSING'),
		('KO28392','LV305','PROCESSING'),
		('NQ12074','LV101','DONE'),
		('NQ12074','LV102','DONE'),
		('NQ12074','LV103','DONE'),
		('NQ12074','LV104','DONE'),
		('NQ12074','LV105','DONE'),
		('NQ12074','LV201','DONE'),
		('NQ12074','LV202','DONE'),
		('NQ12074','LV302','DONE'),
		('NQ12074','LV303','DONE'),
		('NQ12074','LV304','DONE'),
		('NQ12074','LV305','PROCESSING'),
		('NH70621','LV101','DONE'),
		('NH70621','LV102','DONE'),
		('NH70621','LV103','DONE'),
		('NH70621','LV104','DONE'),
		('NH70621','LV105','DONE'),
		('NH70621','LV201','DONE'),
		('NH70621','LV202','DONE'),
		('NH70621','LV302','DONE'),
		('NH70621','LV303','DONE'),
		('NH70621','LV304','PROCESSING'),
		('NH70621','LV305','PROCESSING'),
		('TH34134','LV101','DONE'),
		('TH34134','LV102','DONE'),
		('TH34134','LV103','DONE'),
		('TH34134','LV104','DONE'),
		('TH34134','LV105','DONE'),
		('TH34134','LV201','DONE'),
		('TH34134','LV202','DONE'),
		('TH34134','LV302','DONE'),
		('TH34134','LV303','PROCESSING'),
		('TH34134','LV304','PROCESSING'),
		('TH34134','LV305','PROCESSING'),
		('YZ69779','LV101','DONE'),
		('YZ69779','LV102','DONE'),
		('YZ69779','LV103','DONE'),
		('YZ69779','LV104','DONE'),
		('YZ69779','LV105','DONE'),
		('YZ69779','LV201','DONE'),
		('YZ69779','LV202','DONE'),
		('YZ69779','LV302','DONE'),
		('YZ69779','LV303','DONE'),
		('YZ69779','LV304','DONE'),
		('YZ69779','LV305','PROCESSING'),
		('AM68257','LV101','DONE'),
		('AM68257','LV102','DONE'),
		('AM68257','LV103','DONE'),
		('AM68257','LV104','DONE'),
		('AM68257','LV105','DONE'),
		('AM68257','LV201','DONE'),
		('AM68257','LV202','DONE'),
		('AM68257','LV302','DONE'),
		('AM68257','LV303','PROCESSING'),
		('AM68257','LV304','PROCESSING'),
		('AM68257','LV305','PROCESSING'),
		('XT64699','LV101','DONE'),
		('XT64699','LV102','DONE'),
		('XT64699','LV103','DONE'),
		('XT64699','LV104','DONE'),
		('XT64699','LV105','DONE'),
		('XT64699','LV201','DONE'),
		('XT64699','LV202','DONE'),
		('XT64699','LV302','DONE'),
		('XT64699','LV303','DONE'),
		('XT64699','LV304','DONE'),
		('XT64699','LV305','PROCESSING'),
		('HE17930','LV101','DONE'),
		('HE17930','LV102','DONE'),
		('HE17930','LV103','DONE'),
		('HE17930','LV104','DONE'),
		('HE17930','LV105','DONE'),
		('HE17930','LV201','DONE'),
		('HE17930','LV202','DONE'),
		('HE17930','LV302','DONE'),
		('HE17930','LV303','PROCESSING'),
		('HE17930','LV304','PROCESSING'),
		('HE17930','LV305','PROCESSING'),
		('HO52997','LV101','DONE'),
		('HO52997','LV102','DONE'),
		('HO52997','LV103','DONE'),
		('HO52997','LV104','DONE'),
		('HO52997','LV105','DONE'),
		('HO52997','LV201','DONE'),
		('HO52997','LV202','DONE'),
		('HO52997','LV302','PROCESSING'),
		('HO52997','LV303','PROCESSING'),
		('HO52997','LV304','PROCESSING'),
		('HO52997','LV305','PROCESSING'),
		('TR65209','LV101','DONE'),
		('TR65209','LV102','DONE'),
		('TR65209','LV103','DONE'),
		('TR65209','LV104','DONE'),
		('TR65209','LV105','DONE'),
		('TR65209','LV201','DONE'),
		('TR65209','LV202','PROCESSING'),
		('AZ59839','LV101','DONE'),
		('AZ59839','LV102','DONE'),
		('AZ59839','LV103','DONE'),
		('AZ59839','LV104','DONE'),
		('AZ59839','LV105','DONE'),
		('AZ59839','LV201','PROCESSING'),
		('AZ59839','LV202','PROCESSING'),
		('ST95090','LV101','DONE'),
		('ST95090','LV102','DONE'),
		('ST95090','LV103','DONE'),
		('ST95090','LV104','DONE'),
		('ST95090','LV105','DONE'),
		('ST95090','LV201','DONE'),
		('ST95090','LV202','PROCESSING'),
		('LL72762','LV101','DONE'),
		('LL72762','LV102','DONE'),
		('LL72762','LV103','DONE'),
		('LL72762','LV104','DONE'),
		('LL72762','LV105','DONE');
INSERT INTO THUCHIEN
	(CITY_ID, NHIEMVU_ID, "STATUS") VALUES
		('LL72762','LV201','PROCESSING'),
		('LL72762','LV202','PROCESSING'),
		('BB63592','LV101','DONE'),
		('BB63592','LV102','DONE'),
		('BB63592','LV103','DONE'),
		('BB63592','LV104','DONE'),
		('BB63592','LV105','DONE'),
		('BB63592','LV201','DONE'),
		('BB63592','LV202','PROCESSING'),
		('NI53884','LV101','DONE'),
		('NI53884','LV102','DONE'),
		('NI53884','LV103','DONE'),
		('NI53884','LV104','DONE'),
		('NI53884','LV105','DONE'),
		('NI53884','LV201','PROCESSING'),
		('NI53884','LV202','PROCESSING'),
		('BI54017','LV101','DONE'),
		('BI54017','LV102','DONE'),
		('BI54017','LV103','DONE'),
		('BI54017','LV104','DONE'),
		('BI54017','LV105','DONE'),
		('BI54017','LV201','PROCESSING'),
		('BI54017','LV202','PROCESSING'),
		('KM10171','LV101','DONE'),
		('KM10171','LV102','DONE'),
		('KM10171','LV103','DONE'),
		('KM10171','LV104','DONE'),
		('KM10171','LV105','DONE'),
		('KM10171','LV201','DONE'),
		('KM10171','LV202','PROCESSING'),
		('MA26015','LV101','DONE'),
		('MA26015','LV102','DONE'),
		('MA26015','LV103','DONE'),
		('MA26015','LV104','DONE'),
		('MA26015','LV105','DONE'),
		('MA26015','LV201','DONE'),
		('MA26015','LV202','PROCESSING'),
		('NA55863','LV101','DONE'),
		('NA55863','LV102','DONE'),
		('NA55863','LV103','DONE'),
		('NA55863','LV104','DONE'),
		('NA55863','LV105','DONE'),
		('NA55863','LV201','DONE'),
		('NA55863','LV202','PROCESSING'),
		('TM10949','LV101','DONE'),
		('TM10949','LV102','DONE'),
		('TM10949','LV103','DONE'),
		('TM10949','LV104','DONE'),
		('TM10949','LV105','DONE'),
		('TM10949','LV201','PROCESSING'),
		('TM10949','LV202','PROCESSING'),
		('MM26514','LV101','DONE'),
		('MM26514','LV102','DONE'),
		('MM26514','LV103','DONE'),
		('MM26514','LV104','DONE'),
		('MM26514','LV105','DONE'),
		('MM26514','LV201','PROCESSING'),
		('MM26514','LV202','PROCESSING'),
		('HB41875','LV101','DONE'),
		('HB41875','LV102','DONE'),
		('HB41875','LV103','DONE'),
		('HB41875','LV104','DONE'),
		('HB41875','LV105','DONE'),
		('HB41875','LV201','DONE'),
		('HB41875','LV202','PROCESSING'),
		('BN97758','LV101','DONE'),
		('BN97758','LV102','DONE'),
		('BN97758','LV103','DONE'),
		('BN97758','LV104','DONE'),
		('BN97758','LV105','DONE'),
		('BN97758','LV201','DONE'),
		('BN97758','LV202','PROCESSING'),
		('LM71943','LV101','DONE'),
		('LM71943','LV102','DONE'),
		('LM71943','LV103','DONE'),
		('LM71943','LV104','DONE'),
		('LM71943','LV105','DONE'),
		('LM71943','LV201','PROCESSING'),
		('LM71943','LV202','PROCESSING'),
		('HE63241','LV101','DONE'),
		('HE63241','LV102','DONE'),
		('HE63241','LV103','DONE'),
		('HE63241','LV104','DONE'),
		('HE63241','LV105','DONE'),
		('HE63241','LV201','DONE'),
		('HE63241','LV202','PROCESSING'),
		('NT75855','LV101','DONE'),
		('NT75855','LV102','DONE'),
		('NT75855','LV103','DONE'),
		('NT75855','LV104','DONE'),
		('NT75855','LV105','DONE'),
		('NT75855','LV201','DONE'),
		('NT75855','LV202','PROCESSING'),
		('OS95760','LV101','DONE'),
		('OS95760','LV102','DONE'),
		('OS95760','LV103','DONE'),
		('OS95760','LV104','DONE'),
		('OS95760','LV105','DONE'),
		('OS95760','LV201','PROCESSING'),
		('OS95760','LV202','PROCESSING'),
		('MA42178','LV101','DONE'),
		('MA42178','LV102','DONE'),
		('MA42178','LV103','DONE'),
		('MA42178','LV104','DONE'),
		('MA42178','LV105','DONE'),
		('MA42178','LV201','DONE'),
		('MA42178','LV202','PROCESSING'),
		('DO80861','LV101','DONE'),
		('DO80861','LV102','DONE'),
		('DO80861','LV103','DONE'),
		('DO80861','LV104','DONE'),
		('DO80861','LV105','DONE'),
		('DO80861','LV201','DONE'),
		('DO80861','LV202','PROCESSING'),
		('LD37739','LV101','DONE'),
		('LD37739','LV102','DONE'),
		('LD37739','LV103','DONE'),
		('LD37739','LV104','DONE'),
		('LD37739','LV105','DONE'),
		('LD37739','LV201','PROCESSING'),
		('LD37739','LV202','PROCESSING'),
		('HD42590','LV101','DONE'),
		('HD42590','LV102','DONE'),
		('HD42590','LV103','DONE'),
		('HD42590','LV104','DONE'),
		('HD42590','LV105','DONE'),
		('HD42590','LV201','DONE'),
		('HD42590','LV202','PROCESSING'),
		('NI57190','LV101','DONE'),
		('NI57190','LV102','DONE'),
		('NI57190','LV103','DONE'),
		('NI57190','LV104','DONE'),
		('NI57190','LV105','DONE'),
		('NI57190','LV201','DONE'),
		('NI57190','LV202','PROCESSING'),
		('LC64914','LV101','DONE'),
		('LC64914','LV102','DONE'),
		('LC64914','LV103','DONE'),
		('LC64914','LV104','DONE'),
		('LC64914','LV105','DONE'),
		('LC64914','LV201','DONE'),
		('LC64914','LV202','PROCESSING'),
		('TM51801','LV101','DONE'),
		('TM51801','LV102','DONE'),
		('TM51801','LV103','DONE'),
		('TM51801','LV104','DONE'),
		('TM51801','LV105','DONE'),
		('TM51801','LV201','PROCESSING'),
		('TM51801','LV202','PROCESSING'),
		('HD41846','LV101','DONE'),
		('HD41846','LV102','DONE'),
		('HD41846','LV103','DONE'),
		('HD41846','LV104','DONE'),
		('HD41846','LV105','DONE'),
		('HD41846','LV201','DONE'),
		('HD41846','LV202','PROCESSING'),
		('TH54191','LV101','DONE'),
		('TH54191','LV102','DONE'),
		('TH54191','LV103','DONE'),
		('TH54191','LV104','DONE'),
		('TH54191','LV105','DONE'),
		('TH54191','LV201','DONE'),
		('TH54191','LV202','PROCESSING'),
		('TT24862','LV101','DONE'),
		('TT24862','LV102','DONE'),
		('TT24862','LV103','DONE'),
		('TT24862','LV104','DONE'),
		('TT24862','LV105','DONE'),
		('TT24862','LV201','PROCESSING'),
		('TT24862','LV202','DONE'),
		('NH73149','LV101','DONE'),
		('NH73149','LV102','DONE'),
		('NH73149','LV103','DONE'),
		('NH73149','LV104','DONE'),
		('NH73149','LV105','DONE'),
		('NH73149','LV201','DONE'),
		('NH73149','LV202','PROCESSING'),
		('OY12127','LV101','DONE'),
		('OY12127','LV102','DONE'),
		('OY12127','LV103','DONE'),
		('OY12127','LV104','DONE'),
		('OY12127','LV105','DONE'),
		('OY12127','LV201','PROCESSING'),
		('OY12127','LV202','PROCESSING'),
		('PA27888','LV101','DONE'),
		('PA27888','LV102','DONE'),
		('PA27888','LV103','DONE'),
		('PA27888','LV104','DONE'),
		('PA27888','LV105','DONE'),
		('PA27888','LV201','PROCESSING'),
		('PA27888','LV202','PROCESSING'),
		('HD41845','LV101','DONE'),
		('HD41845','LV102','DONE'),
		('HD41845','LV103','DONE'),
		('HD41845','LV104','DONE'),
		('HD41845','LV105','DONE'),
		('HD41845','LV201','DONE'),
		('HD41845','LV202','PROCESSING'),
		('DR72024','LV101','DONE'),
		('DR72024','LV102','DONE'),
		('DR72024','LV103','DONE'),
		('DR72024','LV104','DONE'),
		('DR72024','LV105','DONE'),
		('DR72024','LV201','DONE'),
		('DR72024','LV202','PROCESSING'),
		('GH72139','LV101','DONE'),
		('GH72139','LV102','DONE'),
		('GH72139','LV103','DONE'),
		('GH72139','LV104','DONE'),
		('GH72139','LV105','DONE'),
		('GH72139','LV201','DONE'),
		('GH72139','LV202','PROCESSING'),
		('DK39370','LV101','DONE'),
		('DK39370','LV102','DONE'),
		('DK39370','LV103','DONE'),
		('DK39370','LV104','DONE'),
		('DK39370','LV105','DONE'),
		('DK39370','LV201','DONE'),
		('DK39370','LV202','PROCESSING'),
		('SO87133','LV101','DONE'),
		('SO87133','LV102','DONE'),
		('SO87133','LV103','DONE'),
		('SO87133','LV104','DONE'),
		('SO87133','LV105','DONE'),
		('SO87133','LV201','DONE'),
		('SO87133','LV202','PROCESSING'),
		('GR72172','LV101','DONE'),
		('GR72172','LV102','DONE'),
		('GR72172','LV103','DONE'),
		('GR72172','LV104','DONE'),
		('GR72172','LV105','DONE'),
		('GR72172','LV201','DONE'),
		('GR72172','LV202','PROCESSING'),
		('GN72211','LV101','DONE'),
		('GN72211','LV102','DONE'),
		('GN72211','LV103','DONE'),
		('GN72211','LV104','DONE'),
		('GN72211','LV105','DONE'),
		('GN72211','LV201','PROCESSING'),
		('GN72211','LV202','PROCESSING'),
		('GE35211','LV101','DONE'),
		('ZO96117','LV101','DONE'),
		('ZO96117','LV102','PROCESSING'),
		('GE35211','LV102','PROCESSING'),
		('GE35211','LV103','PROCESSING'),
		('ZO96117','LV103','DONE'),
		('ZO96117','LV104','PROCESSING'),
		('GE35211','LV104','DONE'),
		('GE35211','LV105','PROCESSING'),
		('ZO96117','LV105','DONE'),
		('ZO96117','LV201','PROCESSING'),
		('GE35211','LV201','PROCESSING'),
		('GE35211','LV202','PROCESSING'),
		('ZO96117','LV202','DONE'),
		('LS41815','LV101','DONE'),
		('LS41815','LV102','DONE'),
		('LS41815','LV103','PROCESSING'),
		('LS41815','LV104','PROCESSING'),
		('LS41815','LV105','PROCESSING'),
		('HO78554','LV101','DONE'),
		('HO78554','LV102','DONE'),
		('HO78554','LV103','DONE'),
		('HO78554','LV104','DONE'),
		('HO78554','LV105','PROCESSING'),
		('HP55322','LV101','DONE'),
		('HP55322','LV102','DONE'),
		('HP55322','LV103','DONE'),
		('HP55322','LV104','PROCESSING'),
		('HP55322','LV105','DONE'),
		('SY27921','LV101','DONE'),
		('SY27921','LV102','DONE'),
		('SY27921','LV103','DONE'),
		('SY27921','LV104','DONE'),
		('SY27921','LV105','PROCESSING'),
		('VK12518','LV101','DONE'),
		('VK12518','LV102','DONE'),
		('VK12518','LV103','DONE'),
		('VK12518','LV104','DONE'),
		('VK12518','LV105','PROCESSING'),
		('HA70049','LV101','DONE'),
		('HA70049','LV102','DONE'),
		('HA70049','LV103','DONE'),
		('HA70049','LV104','DONE'),
		('HA70049','LV105','PROCESSING'),
		('YM80657','LV101','DONE'),
		('YM80657','LV102','DONE'),
		('YM80657','LV103','DONE'),
		('YM80657','LV104','PROCESSING'),
		('YM80657','LV105','PROCESSING'),
		('MM82128','LV101','DONE'),
		('MM82128','LV102','DONE'),
		('MM82128','LV103','PROCESSING'),
		('MM82128','LV104','PROCESSING'),
		('MM82128','LV105','PROCESSING'),
		('ZK26805','LV101','DONE'),
		('ZK26805','LV102','DONE'),
		('ZK26805','LV103','DONE'),
		('ZK26805','LV104','DONE'),
		('ZK26805','LV105','PROCESSING'),
		('TO42112','LV101','PROCESSING'),
		('TO42112','LV102','PROCESSING'),
		('TO42112','LV103','PROCESSING'),
		('TO42112','LV104','PROCESSING'),
		('TO42112','LV105','PROCESSING'),
		('IN79869','LV101','DONE'),
		('IN79869','LV102','DONE'),
		('IN79869','LV103','DONE'),
		('IN79869','LV104','DONE'),
		('IN79869','LV105','PROCESSING'),
		('HT40526','LV101','DONE'),
		('HT40526','LV102','DONE'),
		('HT40526','LV103','DONE'),
		('HT40526','LV104','DONE'),
		('HT40526','LV105','PROCESSING'),
		('IK62590','LV101','DONE'),
		('IN86378','LV101','DONE'),
		('IN86378','LV102','DONE'),
		('IK62590','LV102','DONE'),
		('IK62590','LV103','PROCESSING'),
		('IN86378','LV103','DONE'),
		('IN86378','LV104','DONE'),
		('IK62590','LV104','DONE'),
		('IK62590','LV105','DONE'),
		('IN86378','LV105','PROCESSING'),
		('CE81467','LV101','DONE'),
		('CE81467','LV102','DONE'),
		('CE81467','LV103','DONE'),
		('CE81467','LV104','DONE'),
		('CE81467','LV105','PROCESSING'),
		('BG44722','LV101','DONE'),
		('BG44722','LV102','DONE'),
		('BG44722','LV103','DONE'),
		('BG44722','LV104','PROCESSING'),
		('BG44722','LV105','PROCESSING'),
		('MI44225','LV101','DONE'),
		('MI44225','LV102','DONE'),
		('MI44225','LV103','DONE'),
		('MI44225','LV104','PROCESSING'),
		('MI44225','LV105','PROCESSING'),
		('HA75350','LV101','DONE'),
		('HA75350','LV102','DONE'),
		('HA75350','LV103','DONE'),
		('HA75350','LV104','PROCESSING'),
		('HA75350','LV105','PROCESSING'),
		('DN76104','LV101','DONE'),
		('DN76104','LV102','DONE'),
		('DN76104','LV103','DONE'),
		('DN76104','LV104','PROCESSING'),
		('DN76104','LV105','PROCESSING'),
		('DB25563','LV101','DONE'),
		('DB25563','LV102','DONE'),
		('DB25563','LV103','DONE'),
		('DB25563','LV104','DONE'),
		('DB25563','LV105','PROCESSING'),
		('TO80652','LV101','DONE'),
		('TO80652','LV102','DONE'),
		('TO80652','LV103','DONE'),
		('TO80652','LV104','DONE'),
		('TO80652','LV105','PROCESSING'),
		('PL78628','LV101','DONE'),
		('PL78628','LV102','DONE'),
		('PL78628','LV103','DONE'),
		('PL78628','LV104','DONE'),
		('PL78628','LV105','PROCESSING'),
		('IP83365','LV101','DONE'),
		('IP83365','LV102','DONE'),
		('IP83365','LV103','DONE'),
		('IP83365','LV104','PROCESSING'),
		('IP83365','LV105','PROCESSING'),
		('DT63066','LV101','DONE'),
		('DT63066','LV102','DONE'),
		('DT63066','LV103','DONE'),
		('DT63066','LV104','PROCESSING'),
		('DT63066','LV105','PROCESSING'),
		('AC47276','LV101','DONE'),
		('AC47276','LV102','DONE'),
		('AC47276','LV103','DONE'),
		('AC47276','LV104','PROCESSING'),
		('AC47276','LV105','PROCESSING'),
		('HT11710','LV101','DONE'),
		('HT11710','LV102','DONE'),
		('HT11710','LV103','DONE'),
		('HT11710','LV104','PROCESSING'),
		('HT11710','LV105','PROCESSING'),
		('LD18936','LV101','DONE'),
		('LD18936','LV102','DONE'),
		('LD18936','LV103','DONE'),
		('LD18936','LV104','PROCESSING'),
		('LD18936','LV105','PROCESSING'),
		('RE49818','LV101','DONE'),
		('RE49818','LV102','DONE'),
		('RE49818','LV103','DONE'),
		('RE49818','LV104','DONE'),
		('RE49818','LV105','PROCESSING'),
		('SO95096','LV101','DONE'),
		('SO95096','LV102','DONE'),
		('SO95096','LV103','DONE'),
		('SO95096','LV104','DONE'),
		('SO95096','LV105','PROCESSING'),
		('TT45768','LV101','DONE'),
		('TT45768','LV102','DONE'),
		('TT45768','LV103','DONE'),
		('TT45768','LV104','DONE'),
		('TT45768','LV105','PROCESSING'),
		('CH77595','LV101','DONE'),
		('CH77595','LV102','DONE'),
		('CH77595','LV103','DONE'),
		('CH77595','LV104','DONE'),
		('CH77595','LV105','PROCESSING'),
		('ME42282','LV101','DONE'),
		('ME42282','LV102','DONE'),
		('ME42282','LV103','DONE'),
		('ME42282','LV104','DONE'),
		('ME42282','LV105','PROCESSING'),
		('LL43115','LV101','DONE'),
		('LL43115','LV102','DONE'),
		('LL43115','LV103','DONE'),
		('LL43115','LV104','DONE'),
		('LL43115','LV105','PROCESSING'),
		('HN10816','LV101','DONE'),
		('HN10816','LV102','DONE'),
		('HN10816','LV103','DONE'),
		('HN10816','LV104','DONE'),
		('HN10816','LV105','PROCESSING'),
		('HD58204','LV101','DONE'),
		('HD58204','LV102','DONE'),
		('HD58204','LV103','DONE'),
		('HD58204','LV104','DONE'),
		('HD58204','LV105','PROCESSING'),
		('QX32118','LV101','DONE'),
		('QX32118','LV102','DONE'),
		('QX32118','LV103','DONE'),
		('QX32118','LV104','PROCESSING'),
		('QX32118','LV105','PROCESSING'),
		('QT64220','LV101','DONE'),
		('QT64220','LV102','DONE'),
		('QT64220','LV103','DONE'),
		('QT64220','LV104','PROCESSING'),
		('QT64220','LV105','PROCESSING'),
		('DN19943','LV101','DONE'),
		('DN19943','LV102','DONE'),
		('DN19943','LV103','DONE'),
		('DN19943','LV104','PROCESSING'),
		('DN19943','LV105','PROCESSING'),
		('MC41044','LV101','DONE'),
		('KI49967','LV101','DONE'),
		('KI49967','LV102','DONE'),
		('MC41044','LV102','DONE'),
		('MC41044','LV103','PROCESSING'),
		('KI49967','LV103','DONE'),
		('KI49967','LV104','PROCESSING'),
		('MC41044','LV104','PROCESSING'),
		('MC41044','LV105','PROCESSING'),
		('KI49967','LV105','PROCESSING'),
		('SE37962','LV101','DONE'),
		('SE37962','LV102','DONE'),
		('SE37962','LV103','PROCESSING'),
		('SE37962','LV104','PROCESSING'),
		('SE37962','LV105','DONE'),
		('BL15831','LV101','DONE'),
		('BL15831','LV102','PROCESSING'),
		('BL15831','LV103','PROCESSING'),
		('BL15831','LV104','PROCESSING'),
		('BL15831','LV105','PROCESSING'),
		('MT18739','LV101','DONE'),
		('MT18739','LV102','DONE'),
		('MT18739','LV103','DONE'),
		('MT18739','LV104','DONE'),
		('MT18739','LV105','DONE'),
		('IZ71935','LV101','PROCESSING'),
		('SU48724','LV101','PROCESSING'),
		('SU48724','LV102','PROCESSING'),
		('IZ71935','LV102','DONE'),
		('IZ71935','LV103','DONE'),
		('SU48724','LV103','PROCESSING'),
		('SU48724','LV104','PROCESSING'),
		('IZ71935','LV104','DONE'),
		('IZ71935','LV105','PROCESSING'),
		('SU48724','LV105','PROCESSING'),
		('MO37904','LV101','DONE'),
		('MO37904','LV102','DONE'),
		('MO37904','LV103','DONE'),
		('MO37904','LV104','DONE'),
		('MO37904','LV105','PROCESSING'),
		('TO50044','LV101','DONE'),
		('TO50044','LV102','DONE'),
		('TO50044','LV103','DONE'),
		('TO50044','LV104','DONE'),
		('TO50044','LV105','PROCESSING'),
		('KH45424','LV101','DONE'),
		('KH45424','LV102','DONE'),
		('KH45424','LV103','DONE'),
		('KH45424','LV104','DONE'),
		('KH45424','LV105','PROCESSING'),
		('TT53295','LV101','DONE'),
		('TT53295','LV102','DONE'),
		('TT53295','LV103','DONE'),
		('TT53295','LV104','PROCESSING'),
		('TT53295','LV105','PROCESSING'),
		('KE33589','LV101','DONE'),
		('KE33589','LV102','DONE'),
		('KE33589','LV103','DONE'),
		('KE33589','LV104','DONE'),
		('KE33589','LV105','PROCESSING'),
		('PA86735','LV101','DONE'),
		('PA86735','LV102','DONE'),
		('PA86735','LV103','DONE'),
		('PA86735','LV104','DONE'),
		('PA86735','LV105','PROCESSING'),
		('GL88882','LV101','DONE'),
		('GL88882','LV102','DONE'),
		('GL88882','LV103','DONE'),
		('GL88882','LV104','DONE'),
		('GL88882','LV105','PROCESSING'),
		('CB90213','LV101','PROCESSING'),
		('MP62818','LV101','DONE'),
		('MP62818','LV102','DONE'),
		('CB90213','LV102','DONE'),
		('CB90213','LV103','DONE'),
		('MP62818','LV103','DONE'),
		('MP62818','LV104','DONE'),
		('CB90213','LV104','DONE'),
		('CB90213','LV105','PROCESSING'),
		('MP62818','LV105','PROCESSING'),
		('KO83614','LV101','DONE'),
		('KO83614','LV102','DONE'),
		('KO83614','LV103','DONE'),
		('KO83614','LV104','PROCESSING'),
		('KO83614','LV105','PROCESSING'),
		('BK64099','LV101','DONE'),
		('BK64099','LV102','DONE'),
		('BK64099','LV103','DONE'),
		('BK64099','LV104','PROCESSING'),
		('BK64099','LV105','PROCESSING'),
		('YN19453','LV101','DONE'),
		('YN19453','LV102','DONE'),
		('YN19453','LV103','DONE'),
		('YN19453','LV104','DONE'),
		('YN19453','LV105','PROCESSING'),
		('VT64954','LV101','DONE'),
		('VT64954','LV102','DONE'),
		('VT64954','LV103','DONE'),
		('VT64954','LV104','DONE'),
		('VT64954','LV105','PROCESSING'),
		('JA93169','LV101','DONE'),
		('JA93169','LV102','DONE'),
		('JA93169','LV103','DONE'),
		('JA93169','LV104','PROCESSING'),
		('JA93169','LV105','PROCESSING'),
		('RC26745','LV101','DONE'),
		('RC26745','LV102','DONE'),
		('RC26745','LV103','DONE'),
		('RC26745','LV104','PROCESSING'),
		('RC26745','LV105','PROCESSING'),
		('CH18509','LV101','DONE'),
		('CH18509','LV102','DONE'),
		('CH18509','LV103','DONE'),
		('CH18509','LV104','DONE'),
		('CH18509','LV105','PROCESSING'),
		('AR24325','LV101','DONE'),
		('AR24325','LV102','DONE'),
		('AR24325','LV103','DONE'),
		('AR24325','LV104','DONE'),
		('AR24325','LV105','PROCESSING'),
		('MK32232','LV101','DONE'),
		('MK32232','LV102','DONE'),
		('MK32232','LV103','DONE'),
		('MK32232','LV104','PROCESSING'),
		('MK32232','LV105','PROCESSING'),
		('RO55988','LV101','DONE'),
		('RO55988','LV102','DONE'),
		('RO55988','LV103','DONE'),
		('RO55988','LV104','DONE'),
		('RO55988','LV105','PROCESSING'),
		('NB44613','LV101','DONE'),
		('NB44613','LV102','DONE'),
		('NB44613','LV103','DONE'),
		('NB44613','LV104','PROCESSING'),
		('NB44613','LV105','PROCESSING'),
		('TH96515','LV101','DONE'),
		('TH96515','LV102','DONE'),
		('TH96515','LV103','DONE'),
		('TH96515','LV104','DONE'),
		('TH96515','LV105','PROCESSING'),
		('MO95606','LV101','DONE'),
		('MO95606','LV102','DONE'),
		('MO95606','LV103','DONE'),
		('MO95606','LV104','DONE'),
		('MO95606','LV105','PROCESSING'),
		('JO55453','LV101','DONE'),
		('JO55453','LV102','DONE'),
		('JO55453','LV103','DONE'),
		('JO55453','LV104','PROCESSING'),
		('JO55453','LV105','PROCESSING'),
		('LI70508','LV101','DONE'),
		('BE98597','LV101','DONE'),
		('BE98597','LV102','PROCESSING'),
		('LI70508','LV102','DONE'),
		('LI70508','LV103','DONE'),
		('BE98597','LV103','DONE'),
		('BE98597','LV104','DONE'),
		('LI70508','LV104','PROCESSING'),
		('LI70508','LV105','PROCESSING'),
		('BE98597','LV105','PROCESSING'),
		('LE82599','LV101','DONE'),
		('LE82599','LV102','DONE'),
		('LE82599','LV103','DONE'),
		('LE82599','LV104','DONE'),
		('LE82599','LV105','PROCESSING'),
		('LO47133','LV101','DONE'),
		('LO47133','LV102','DONE'),
		('LO47133','LV103','DONE'),
		('LO47133','LV104','DONE'),
		('LO47133','LV105','PROCESSING'),
		('SG65451','LV101','PROCESSING'),
		('SG65451','LV102','DONE'),
		('SG65451','LV103','DONE'),
		('SG65451','LV104','DONE'),
		('SG65451','LV105','PROCESSING'),
		('GX99010','LV101','DONE'),
		('GX99010','LV102','DONE'),
		('GX99010','LV103','DONE'),
		('GX99010','LV104','DONE'),
		('GX99010','LV105','PROCESSING'),
		('ND33072','LV101','DONE'),
		('ND33072','LV102','DONE'),
		('ND33072','LV103','DONE'),
		('ND33072','LV104','DONE'),
		('ND33072','LV105','PROCESSING'),
		('KV48953','LV101','DONE'),
		('KV48953','LV102','DONE'),
		('KV48953','LV103','DONE'),
		('KV48953','LV104','DONE'),
		('KV48953','LV105','PROCESSING'),
		('VE30577','LV101','DONE'),
		('VE30577','LV102','DONE'),
		('VE30577','LV103','DONE'),
		('VE30577','LV104','DONE'),
		('VE30577','LV105','PROCESSING'),
		('TO58028','LV101','DONE'),
		('TO58028','LV102','DONE'),
		('TO58028','LV103','DONE'),
		('TO58028','LV104','DONE'),
		('TO58028','LV105','PROCESSING'),
		('TN64946','LV101','DONE'),
		('TN64946','LV102','DONE'),
		('TN64946','LV103','DONE'),
		('TN64946','LV104','PROCESSING'),
		('TN64946','LV105','PROCESSING'),
		('AC42283','LV101','DONE'),
		('AC42283','LV102','DONE'),
		('AC42283','LV103','DONE'),
		('AC42283','LV104','PROCESSING'),
		('AC42283','LV105','PROCESSING'),
		('RE28756','LV101','DONE'),
		('RE28756','LV102','DONE'),
		('RE28756','LV103','DONE'),
		('RE28756','LV104','PROCESSING'),
		('RE28756','LV105','PROCESSING'),
		('TO32961','LV101','DONE'),
		('TO32961','LV102','DONE'),
		('TO32961','LV103','PROCESSING'),
		('TO32961','LV104','PROCESSING'),
		('TO32961','LV105','PROCESSING'),
		('AL26028','LV101','DONE'),
		('AL26028','LV102','DONE'),
		('AL26028','LV103','DONE'),
		('AL26028','LV104','DONE'),
		('AL26028','LV105','PROCESSING'),
		('AT19308','LV101','DONE'),
		('BE35280','LV101','DONE'),
		('BE35280','LV102','DONE'),
		('AT19308','LV102','DONE'),
		('AT19308','LV103','PROCESSING'),
		('BE35280','LV103','PROCESSING'),
		('BE35280','LV104','DONE'),
		('AT19308','LV104','DONE'),
		('AT19308','LV105','PROCESSING'),
		('BE35280','LV105','PROCESSING'),
		('HO36066','LV101','DONE'),
		('HO36066','LV102','DONE'),
		('HO36066','LV103','DONE'),
		('HO36066','LV104','DONE'),
		('HO36066','LV105','PROCESSING'),
		('AS57377','LV101','DONE'),
		('AS57377','LV102','DONE'),
		('AS57377','LV103','DONE'),
		('AS57377','LV104','DONE'),
		('AS57377','LV105','PROCESSING'),
		('PR10346','LV101','DONE'),
		('PR10346','LV102','DONE'),
		('PR10346','LV103','PROCESSING'),
		('PR10346','LV104','PROCESSING'),
		('PR10346','LV105','PROCESSING'),
		('MT90199','LV101','DONE'),
		('MT90199','LV102','DONE'),
		('MT90199','LV103','DONE'),
		('MT90199','LV104','DONE'),
		('MT90199','LV105','PROCESSING'),
		('LI95082','LV101','DONE'),
		('HE73235','LV101','DONE'),
		('HE73235','LV102','DONE'),
		('LI95082','LV102','DONE'),
		('LI95082','LV103','DONE'),
		('HE73235','LV103','DONE'),
		('HE73235','LV104','PROCESSING'),
		('LI95082','LV104','PROCESSING'),
		('LI95082','LV105','PROCESSING'),
		('HE73235','LV105','PROCESSING'),
		('HK41295','LV101','DONE'),
		('VD94149','LV101','DONE'),
		('VD94149','LV102','DONE'),
		('HK41295','LV102','DONE'),
		('HK41295','LV103','DONE'),
		('VD94149','LV103','DONE'),
		('VD94149','LV104','PROCESSING'),
		('HK41295','LV104','PROCESSING'),
		('HK41295','LV105','PROCESSING'),
		('VD94149','LV105','PROCESSING'),
		('HD82811','LV101','DONE'),
		('HD82811','LV102','DONE'),
		('HD82811','LV103','DONE'),
		('HD82811','LV104','DONE'),
		('HD82811','LV105','PROCESSING'),
		('DT21874','LV101','DONE'),
		('DT21874','LV102','DONE'),
		('DT21874','LV103','DONE'),
		('DT21874','LV104','DONE'),
		('DT21874','LV105','PROCESSING'),
		('TQ80183','LV101','DONE'),
		('TQ80183','LV102','DONE'),
		('TQ80183','LV103','DONE'),
		('TQ80183','LV104','DONE'),
		('TQ80183','LV105','PROCESSING'),
		('SH78212','LV101','DONE'),
		('SH78212','LV102','DONE'),
		('SH78212','LV103','DONE'),
		('SH78212','LV104','DONE'),
		('SH78212','LV105','PROCESSING'),
		('KH64928','LV101','DONE'),
		('KH64928','LV102','DONE'),
		('KH64928','LV103','DONE'),
		('KH64928','LV104','DONE'),
		('KH64928','LV105','PROCESSING'),
		('NO83153','LV101','DONE'),
		('GR58968','LV101','DONE'),
		('GR58968','LV102','DONE'),
		('NO83153','LV102','DONE'),
		('NO83153','LV103','DONE'),
		('GR58968','LV103','DONE'),
		('GR58968','LV104','DONE'),
		('NO83153','LV104','DONE'),
		('NO83153','LV105','PROCESSING'),
		('GR58968','LV105','PROCESSING'),
		('HA67471','LV101','DONE'),
		('NN46279','LV101','DONE'),
		('NN46279','LV102','DONE'),
		('HA67471','LV102','DONE'),
		('HA67471','LV103','DONE'),
		('NN46279','LV103','DONE'),
		('NN46279','LV104','DONE'),
		('HA67471','LV104','DONE'),
		('HA67471','LV105','PROCESSING'),
		('NN46279','LV105','PROCESSING');
